-- phpMyAdmin SQL Dump
-- version 5.2.0
-- https://www.phpmyadmin.net/
--
-- Host: 127.0.0.1
-- Generation Time: Aug 17, 2022 at 11:20 AM
-- Server version: 10.4.24-MariaDB
-- PHP Version: 8.0.19

SET SQL_MODE = "NO_AUTO_VALUE_ON_ZERO";
START TRANSACTION;
SET time_zone = "+00:00";


/*!40101 SET @OLD_CHARACTER_SET_CLIENT=@@CHARACTER_SET_CLIENT */;
/*!40101 SET @OLD_CHARACTER_SET_RESULTS=@@CHARACTER_SET_RESULTS */;
/*!40101 SET @OLD_COLLATION_CONNECTION=@@COLLATION_CONNECTION */;
/*!40101 SET NAMES utf8mb4 */;

--
-- Database: `ecommerce`
--

-- --------------------------------------------------------

--
-- Table structure for table `admin`
--

CREATE TABLE `admin` (
  `id` int(11) NOT NULL,
  `firstname` varchar(45) DEFAULT NULL,
  `lastname` varchar(45) DEFAULT NULL,
  `email` varchar(45) DEFAULT NULL,
  `password` varchar(45) DEFAULT NULL,
  `isactive` tinyint(4) DEFAULT NULL
) ENGINE=InnoDB DEFAULT CHARSET=utf8;

--
-- Dumping data for table `admin`
--

INSERT INTO `admin` (`id`, `firstname`, `lastname`, `email`, `password`, `isactive`) VALUES
(14, 'admin', 'admin', 'admin@lamaya.com', '965e3c165677d2323cdfab47e040c936805c4ccb', 1),
(15, 'Shubham', 'Patel', 'admin@gmail.com', '22b596cc89584ab9a7a82ebf015ab43b763dc7b6', 1);

-- --------------------------------------------------------

--
-- Table structure for table `banklist`
--

CREATE TABLE `banklist` (
  `id` int(11) NOT NULL,
  `bankname` varchar(45) DEFAULT NULL
) ENGINE=InnoDB DEFAULT CHARSET=utf8;

--
-- Dumping data for table `banklist`
--

INSERT INTO `banklist` (`id`, `bankname`) VALUES
(2, 'Amazone Pay'),
(3, 'American Express'),
(4, 'Axis Bank'),
(5, 'Bank Of Baroda'),
(6, 'Citi Bank'),
(7, 'Hdfc Bank'),
(8, 'Hsbc Bank'),
(9, 'ICIC Bank'),
(10, 'Induslnd Bank'),
(11, 'Jammu and Kashmir Bank'),
(12, 'Kotak Mahindra Bank'),
(13, 'State Bank Of india'),
(14, 'Standerd Charted Bank'),
(15, 'Yes Bank'),
(16, 'American Express');

-- --------------------------------------------------------

--
-- Table structure for table `cartlist`
--

CREATE TABLE `cartlist` (
  `id` int(11) NOT NULL,
  `userid` int(11) DEFAULT NULL,
  `productid` int(11) DEFAULT NULL,
  `quantity` int(11) DEFAULT NULL,
  `createddate` datetime DEFAULT NULL,
  `updateddate` datetime DEFAULT NULL
) ENGINE=InnoDB DEFAULT CHARSET=utf8;

--
-- Dumping data for table `cartlist`
--

INSERT INTO `cartlist` (`id`, `userid`, `productid`, `quantity`, `createddate`, `updateddate`) VALUES
(313, 2, 29, 1, '2022-08-16 12:13:09', NULL);

-- --------------------------------------------------------

--
-- Table structure for table `category`
--

CREATE TABLE `category` (
  `id` int(11) NOT NULL,
  `name` varchar(100) NOT NULL,
  `parent` int(11) NOT NULL,
  `bannersimage` varchar(100) DEFAULT NULL,
  `createddate` datetime NOT NULL,
  `updateddate` datetime NOT NULL,
  `isactive` tinyint(4) DEFAULT 1
) ENGINE=InnoDB DEFAULT CHARSET=utf8;

--
-- Dumping data for table `category`
--

INSERT INTO `category` (`id`, `name`, `parent`, `bannersimage`, `createddate`, `updateddate`, `isactive`) VALUES
(137, 'Mens', 0, NULL, '2021-05-11 17:23:09', '2021-05-11 17:23:09', 1),
(138, 'Womens', 0, NULL, '2021-05-11 17:23:32', '2021-05-11 17:23:32', 1),
(139, 'Baby Kids', 0, NULL, '2021-05-11 17:23:56', '2021-05-11 17:23:56', 1),
(140, 'Home Furniture', 0, NULL, '2021-05-11 17:24:12', '2021-05-11 17:24:12', 1),
(141, 'Top Wear', 137, '/images/categorybanners/99281e8b-6cb2-4766-965e.png', '2021-05-11 17:24:31', '2021-06-11 11:25:58', 1),
(142, 'Bottom Wear', 137, NULL, '2021-05-11 17:24:51', '2021-05-11 17:24:51', 1),
(143, 'Winter Wear', 137, NULL, '2021-05-11 17:25:01', '2021-05-11 17:25:01', 1),
(144, 'Ethenic Wear', 137, NULL, '2021-05-11 17:25:19', '2021-06-08 16:09:42', 1),
(145, 'Ethenic Wear', 138, NULL, '2021-05-11 17:26:00', '2021-05-11 17:26:00', 1),
(146, 'Ethenic Bottoms', 138, NULL, '2021-05-11 17:26:14', '2021-05-11 17:26:14', 1),
(147, 'Winter Wear', 138, NULL, '2021-05-11 17:26:24', '2021-05-11 17:26:24', 1),
(148, 'Party Dresses', 138, NULL, '2021-05-11 17:26:36', '2021-05-11 17:26:36', 1),
(149, 'Sports Wear', 138, NULL, '2021-05-11 17:26:44', '2021-05-11 17:26:44', 1),
(150, 'Kids Clothing', 139, NULL, '2021-05-11 17:27:07', '2021-05-11 17:27:07', 1),
(151, 'Boys Clothing', 139, NULL, '2021-05-11 17:27:18', '2021-05-11 17:27:18', 1),
(152, 'Baby Girls Clothing', 139, NULL, '2021-05-11 17:27:52', '2021-05-11 17:27:52', 1),
(153, 'Girls Clothing', 139, NULL, '2021-05-11 17:28:05', '2021-05-11 17:28:05', 1),
(154, 'Kitchen Cookwear', 140, NULL, '2021-05-11 17:28:30', '2021-05-11 17:28:30', 1),
(155, 'Tableware Dinnerwear', 140, NULL, '2021-05-11 17:28:47', '2021-05-11 17:28:47', 1),
(156, 'Cleaning Supplies', 140, NULL, '2021-05-11 17:29:00', '2021-05-11 17:29:00', 1),
(157, 'Bedroom Furniture', 140, NULL, '2021-05-11 17:29:18', '2021-05-11 17:29:18', 1),
(158, 'Sarees', 145, NULL, '2021-05-11 17:30:21', '2021-05-11 17:30:21', 1),
(159, 'Lehenga Choli', 145, NULL, '2021-05-11 17:30:41', '2021-05-11 17:30:41', 1),
(160, 'Dress Material', 145, NULL, '2021-05-11 17:30:58', '2021-05-11 17:30:58', 1),
(161, 'Kurta Kurtis', 145, NULL, '2021-05-11 17:31:13', '2021-05-11 17:31:13', 1),
(162, 'Leggings Churidars', 146, NULL, '2021-05-11 17:31:52', '2021-05-11 17:31:52', 1),
(163, 'Palazzos', 146, NULL, '2021-05-11 17:32:11', '2021-05-11 17:32:11', 1),
(164, 'Salwars Patiala', 146, NULL, '2021-05-11 17:32:28', '2021-05-11 17:32:28', 1),
(165, 'Tshirt', 151, NULL, '2021-05-11 17:33:16', '2021-05-11 17:33:16', 1),
(166, 'Ehenic Wear', 151, NULL, '2021-05-11 17:33:24', '2021-05-11 17:33:24', 1),
(167, 'Shirts', 151, NULL, '2021-05-11 17:34:17', '2021-05-11 17:34:17', 1),
(168, 'Combo Sets', 152, NULL, '2021-05-11 17:34:33', '2021-05-11 17:34:33', 1),
(169, 'Dresses Gowns', 152, NULL, '2021-05-11 17:34:53', '2021-05-11 17:34:53', 1),
(170, 'Skirt', 153, NULL, '2021-05-11 17:35:14', '2021-05-11 17:35:14', 1),
(171, 'Tshirt Tops', 153, NULL, '2021-05-11 17:35:24', '2021-05-11 17:35:24', 1),
(172, 'Innerwear', 153, NULL, '2021-05-11 17:35:35', '2021-05-11 17:35:35', 1),
(173, 'Dinner Set', 155, NULL, '2021-05-12 00:50:49', '2021-05-12 00:50:49', 1),
(174, 'Beds', 157, NULL, '2021-05-12 00:51:14', '2021-05-12 00:51:14', 1),
(175, 'Mattresses', 157, NULL, '2021-05-12 00:51:26', '2021-05-12 00:51:26', 1),
(176, 'Wardrobes', 157, NULL, '2021-05-12 00:51:36', '2021-05-12 00:51:36', 1),
(177, 'Tshirt', 141, NULL, '2021-05-12 01:58:25', '2021-05-12 01:58:25', 1),
(178, 'Formal Shirts', 141, NULL, '2021-05-12 01:58:38', '2021-05-12 01:58:38', 1),
(179, 'Jeans', 142, NULL, '2021-05-12 01:59:26', '2021-05-12 01:59:26', 1),
(180, 'Causal Tousers', 142, NULL, '2021-05-12 01:59:45', '2021-05-12 01:59:45', 1),
(181, 'Kurta', 144, NULL, '2021-05-12 02:00:08', '2021-05-12 02:00:08', 1),
(182, 'Dhoti', 144, NULL, '2021-05-12 02:00:14', '2021-05-12 02:00:14', 1),
(184, 'Kurtis', 145, NULL, '2021-05-29 12:39:07', '2021-05-30 12:15:56', 0),
(192, 'Sports Wear', 137, '0', '2021-06-08 14:31:55', '2021-06-08 14:39:01', 0),
(193, 'Sports Wear', 137, '0', '2021-06-08 14:32:28', '2021-06-08 14:39:02', 0),
(194, 'Sports Wear', 137, '0', '2021-06-08 14:33:10', '2021-06-08 14:39:02', 0),
(195, 'Sports Wear', 137, '0', '2021-06-08 14:34:40', '2021-06-08 14:39:02', 0),
(196, 'Sports Wear', 137, '0', '2021-06-08 14:36:07', '2021-06-08 14:39:07', 0),
(197, 'Sports Wear', 137, '0', '2021-06-08 14:37:05', '2021-06-08 14:39:11', 0),
(198, 'Sports Wear', 137, '/images/categorybanners/a841e68e-fd0e-41e9-ae6e.png', '2021-06-08 14:38:16', '2021-06-08 14:38:16', 1);

-- --------------------------------------------------------

--
-- Table structure for table `clothsize`
--

CREATE TABLE `clothsize` (
  `id` int(11) NOT NULL,
  `size` varchar(45) DEFAULT NULL
) ENGINE=InnoDB DEFAULT CHARSET=utf8;

--
-- Dumping data for table `clothsize`
--

INSERT INTO `clothsize` (`id`, `size`) VALUES
(1, 'XS'),
(2, 'S'),
(3, 'M'),
(4, 'L'),
(5, 'XL'),
(6, 'XXL'),
(7, '3XL'),
(8, '4XL'),
(9, 'Free Size'),
(10, '0-3 M'),
(11, '3-6 M'),
(12, '6-9 M'),
(13, '10-12 M'),
(14, '15-18 M'),
(15, '1.5-2 Y'),
(16, '2-3 Y'),
(17, '3-5 Y'),
(18, '5-7 Y'),
(19, '7-10 Y');

-- --------------------------------------------------------

--
-- Table structure for table `emi`
--

CREATE TABLE `emi` (
  `id` int(11) NOT NULL,
  `bankid` int(11) DEFAULT NULL,
  `months` int(11) DEFAULT NULL,
  `intrest` float DEFAULT NULL,
  `isactive` tinyint(4) DEFAULT NULL,
  `createddate` datetime DEFAULT NULL,
  `updateddate` tinyint(4) DEFAULT NULL
) ENGINE=InnoDB DEFAULT CHARSET=utf8;

--
-- Dumping data for table `emi`
--

INSERT INTO `emi` (`id`, `bankid`, `months`, `intrest`, `isactive`, `createddate`, `updateddate`) VALUES
(1, 7, 12, 5, 1, '2021-05-03 14:39:58', NULL),
(2, 7, 6, 4, 1, '2021-05-03 14:39:58', NULL),
(3, 10, 12, 5, 1, '2021-05-04 12:49:48', NULL),
(4, 10, 8, 5, 1, '2021-05-04 12:49:48', NULL),
(5, 7, 5, 6, 1, '2021-05-04 13:21:05', NULL),
(6, 7, 12, 6, 1, '2021-05-04 13:21:14', NULL),
(7, 7, 14, 7, 1, '2021-05-04 13:21:15', NULL);

-- --------------------------------------------------------

--
-- Table structure for table `images`
--

CREATE TABLE `images` (
  `id` int(11) NOT NULL,
  `productid` int(11) DEFAULT NULL,
  `mainCategoryId` int(11) DEFAULT NULL,
  `categoryId` int(11) DEFAULT NULL,
  `subCategoryId` int(11) DEFAULT NULL,
  `productListImage` varchar(100) DEFAULT NULL,
  `createdDate` datetime DEFAULT NULL
) ENGINE=InnoDB DEFAULT CHARSET=utf8;

--
-- Dumping data for table `images`
--

INSERT INTO `images` (`id`, `productid`, `mainCategoryId`, `categoryId`, `subCategoryId`, `productListImage`, `createdDate`) VALUES
(27, 20, 74, 77, 84, '/images/products/bf4842f2-639f-46ca-a1b0.jpeg', '2021-04-14 17:02:27'),
(28, 20, 74, 77, 84, '/images/products/2a43c7e9-8d9a-443b-8f36.jpeg', '2021-04-14 17:05:59'),
(29, 20, 74, 78, 88, '/images/products/e452b7d0-7971-43ea-ae57.jpeg', '2021-04-14 17:16:18'),
(31, 20, 74, 77, 84, '/images/products//images/products/f806d349-6886-4979-8491.jfif', '2021-04-22 12:28:36'),
(32, 28, 134, 135, NULL, '/images/products/eeb64ae2-dbab-4be5-bf2a.png', '2021-05-11 17:17:32'),
(33, 29, 138, 145, 158, '/images/products/906d69e7-df2f-4ecf-ab2a.jpeg', '2021-05-11 17:44:05'),
(34, 29, 138, 145, 158, '/images/products/9fdc2eaa-3e59-437c-b669.jpeg', '2021-05-11 17:44:05'),
(35, 29, 138, 145, 158, '/images/products/fcf89a78-1d86-418a-b150.jpeg', '2021-05-11 17:44:05'),
(36, 30, 138, 145, 158, '/images/products/d181b999-ed96-4291-9250.jpeg', '2021-05-11 17:47:23'),
(37, 31, 138, 145, 158, '/images/products/d181b999-ed96-4291-9250.jpeg', '2021-05-11 17:49:03'),
(38, 31, 138, 145, 158, '/images/products/600f83dd-067e-4452-8ec3.jpeg', '2021-05-11 17:49:04'),
(39, 31, 138, 145, 158, '/images/products/6dc07f7d-be45-4163-903e.jpeg', '2021-05-11 17:49:04'),
(40, 31, 138, 145, 158, '/images/products/70a1a66f-39e0-4120-844e.jpeg', '2021-05-11 17:49:04'),
(41, 32, 138, 145, 159, '/images/products/d181b999-ed96-4291-9250.jpeg', '2021-05-11 17:53:03'),
(42, 32, 138, 145, 159, '/images/products/600f83dd-067e-4452-8ec3.jpeg', '2021-05-11 17:53:03'),
(43, 32, 138, 145, 159, '/images/products/6dc07f7d-be45-4163-903e.jpeg', '2021-05-11 17:53:03'),
(44, 32, 138, 145, 159, '/images/products/70a1a66f-39e0-4120-844e.jpeg', '2021-05-11 17:53:03'),
(46, 32, 138, 145, 159, '/images/products/6c3100d2-a02b-4eb7-a883.jpeg', '2021-05-11 17:53:03'),
(47, 32, 138, 145, 159, '/images/products/d181b999-ed96-4291-9250.jpeg', '2021-05-11 17:53:03'),
(49, 32, 138, 145, 159, '/images/products/6dc07f7d-be45-4163-903e.jpeg', '2021-05-11 17:53:03'),
(50, 32, 138, 145, 159, '/images/products/70a1a66f-39e0-4120-844e.jpeg', '2021-05-11 17:53:03'),
(51, 32, 138, 145, 159, '/images/products/69605fd6-692c-4ef7-8d7d.jpeg', '2021-05-11 17:53:03'),
(52, 32, 138, 145, 159, '/images/products/6c3100d2-a02b-4eb7-a883.jpeg', '2021-05-11 17:53:04'),
(53, 32, 138, 145, 159, '/images/products/d181b999-ed96-4291-9250.jpeg', '2021-05-11 17:53:04'),
(54, 32, 138, 145, 159, '/images/products/600f83dd-067e-4452-8ec3.jpeg', '2021-05-11 17:53:04'),
(55, 32, 138, 145, 159, '/images/products/6dc07f7d-be45-4163-903e.jpeg', '2021-05-11 17:53:04'),
(56, 32, 138, 145, 159, '/images/products/70a1a66f-39e0-4120-844e.jpeg', '2021-05-11 17:53:04'),
(57, 32, 138, 145, 159, '/images/products/69605fd6-692c-4ef7-8d7d.jpeg', '2021-05-11 17:53:04'),
(58, 32, 138, 145, 159, '/images/products/6c3100d2-a02b-4eb7-a883.jpeg', '2021-05-11 17:53:04'),
(59, 33, 138, 145, 159, '/images/products/d181b999-ed96-4291-9250.jpeg', '2021-05-11 17:54:27'),
(60, 33, 138, 145, 159, '/images/products/600f83dd-067e-4452-8ec3.jpeg', '2021-05-11 17:54:27'),
(61, 33, 138, 145, 159, '/images/products/6dc07f7d-be45-4163-903e.jpeg', '2021-05-11 17:54:27'),
(63, 33, 138, 145, 159, '/images/products/69605fd6-692c-4ef7-8d7d.jpeg', '2021-05-11 17:54:27'),
(64, 33, 138, 145, 159, '/images/products/6c3100d2-a02b-4eb7-a883.jpeg', '2021-05-11 17:54:27'),
(68, 34, 138, 145, 159, '/images/products/600f83dd-067e-4452-8ec3.jpeg', '2021-05-11 17:55:53'),
(69, 34, 138, 145, 159, '/images/products/6dc07f7d-be45-4163-903e.jpeg', '2021-05-11 17:55:53'),
(71, 34, 138, 145, 159, '/images/products/69605fd6-692c-4ef7-8d7d.jpeg', '2021-05-11 17:55:53'),
(72, 34, 138, 145, 159, '/images/products/6c3100d2-a02b-4eb7-a883.jpeg', '2021-05-11 17:55:53'),
(73, 34, 138, 145, 159, '/images/products/7e2ffecd-79c9-4842-bea2.jpeg', '2021-05-11 17:55:53'),
(74, 34, 138, 145, 159, '/images/products/18f197c3-43e5-4186-a131.jpeg', '2021-05-11 17:55:53'),
(75, 34, 138, 145, 159, '/images/products/09236fca-d851-49c7-ad52.jpeg', '2021-05-11 17:55:53'),
(76, 34, 138, 145, 159, '/images/products/97feaeb6-7fa1-43c1-a897.jpeg', '2021-05-11 17:55:53'),
(77, 35, 138, 145, 160, '/images/products/d181b999-ed96-4291-9250.jpeg', '2021-05-11 17:58:32'),
(78, 35, 138, 145, 160, '/images/products/600f83dd-067e-4452-8ec3.jpeg', '2021-05-11 17:58:32'),
(79, 35, 138, 145, 160, '/images/products/6dc07f7d-be45-4163-903e.jpeg', '2021-05-11 17:58:32'),
(80, 35, 138, 145, 160, '/images/products/70a1a66f-39e0-4120-844e.jpeg', '2021-05-11 17:58:32'),
(81, 35, 138, 145, 160, '/images/products/69605fd6-692c-4ef7-8d7d.jpeg', '2021-05-11 17:58:32'),
(82, 35, 138, 145, 160, '/images/products/6c3100d2-a02b-4eb7-a883.jpeg', '2021-05-11 17:58:32'),
(83, 35, 138, 145, 160, '/images/products/7e2ffecd-79c9-4842-bea2.jpeg', '2021-05-11 17:58:32'),
(84, 35, 138, 145, 160, '/images/products/18f197c3-43e5-4186-a131.jpeg', '2021-05-11 17:58:32'),
(85, 35, 138, 145, 160, '/images/products/09236fca-d851-49c7-ad52.jpeg', '2021-05-11 17:58:32'),
(86, 35, 138, 145, 160, '/images/products/97feaeb6-7fa1-43c1-a897.jpeg', '2021-05-11 17:58:32'),
(87, 35, 138, 145, 160, '/images/products/c79f8c40-68d7-4724-9204.jpeg', '2021-05-11 17:58:32'),
(88, 35, 138, 145, 160, '/images/products/c87c2389-edb7-425f-981a.jpeg', '2021-05-11 17:58:32'),
(89, 36, 138, 145, 160, '/images/products/d181b999-ed96-4291-9250.jpeg', '2021-05-11 18:00:08'),
(90, 36, 138, 145, 160, '/images/products/600f83dd-067e-4452-8ec3.jpeg', '2021-05-11 18:00:08'),
(91, 36, 138, 145, 160, '/images/products/6dc07f7d-be45-4163-903e.jpeg', '2021-05-11 18:00:08'),
(92, 36, 138, 145, 160, '/images/products/70a1a66f-39e0-4120-844e.jpeg', '2021-05-11 18:00:08'),
(93, 36, 138, 145, 160, '/images/products/69605fd6-692c-4ef7-8d7d.jpeg', '2021-05-11 18:00:08'),
(94, 36, 138, 145, 160, '/images/products/6c3100d2-a02b-4eb7-a883.jpeg', '2021-05-11 18:00:08'),
(95, 36, 138, 145, 160, '/images/products/7e2ffecd-79c9-4842-bea2.jpeg', '2021-05-11 18:00:08'),
(96, 36, 138, 145, 160, '/images/products/18f197c3-43e5-4186-a131.jpeg', '2021-05-11 18:00:08'),
(97, 36, 138, 145, 160, '/images/products/09236fca-d851-49c7-ad52.jpeg', '2021-05-11 18:00:08'),
(98, 36, 138, 145, 160, '/images/products/97feaeb6-7fa1-43c1-a897.jpeg', '2021-05-11 18:00:08'),
(99, 36, 138, 145, 160, '/images/products/c79f8c40-68d7-4724-9204.jpeg', '2021-05-11 18:00:08'),
(100, 36, 138, 145, 160, '/images/products/c87c2389-edb7-425f-981a.jpeg', '2021-05-11 18:00:08'),
(101, 36, 138, 145, 160, '/images/products/1ffc0d7a-cbdc-41c3-88c2.jpeg', '2021-05-11 18:00:08'),
(102, 36, 138, 145, 160, '/images/products/6d451f56-ccc4-4929-91d0.jpeg', '2021-05-11 18:00:08'),
(103, 36, 138, 145, 160, '/images/products/d181b999-ed96-4291-9250.jpeg', '2021-05-11 18:00:08'),
(104, 36, 138, 145, 160, '/images/products/600f83dd-067e-4452-8ec3.jpeg', '2021-05-11 18:00:08'),
(105, 36, 138, 145, 160, '/images/products/6dc07f7d-be45-4163-903e.jpeg', '2021-05-11 18:00:08'),
(106, 36, 138, 145, 160, '/images/products/70a1a66f-39e0-4120-844e.jpeg', '2021-05-11 18:00:09'),
(107, 36, 138, 145, 160, '/images/products/69605fd6-692c-4ef7-8d7d.jpeg', '2021-05-11 18:00:09'),
(108, 36, 138, 145, 160, '/images/products/6c3100d2-a02b-4eb7-a883.jpeg', '2021-05-11 18:00:09'),
(109, 36, 138, 145, 160, '/images/products/7e2ffecd-79c9-4842-bea2.jpeg', '2021-05-11 18:00:09'),
(110, 36, 138, 145, 160, '/images/products/18f197c3-43e5-4186-a131.jpeg', '2021-05-11 18:00:09'),
(111, 36, 138, 145, 160, '/images/products/09236fca-d851-49c7-ad52.jpeg', '2021-05-11 18:00:09'),
(112, 36, 138, 145, 160, '/images/products/97feaeb6-7fa1-43c1-a897.jpeg', '2021-05-11 18:00:09'),
(114, 36, 138, 145, 160, '/images/products/c87c2389-edb7-425f-981a.jpeg', '2021-05-11 18:00:09'),
(115, 36, 138, 145, 160, '/images/products/1ffc0d7a-cbdc-41c3-88c2.jpeg', '2021-05-11 18:00:09'),
(116, 36, 138, 145, 160, '/images/products/6d451f56-ccc4-4929-91d0.jpeg', '2021-05-11 18:00:09'),
(117, 36, 138, 145, 160, '/images/products/d181b999-ed96-4291-9250.jpeg', '2021-05-11 18:00:09'),
(118, 36, 138, 145, 160, '/images/products/600f83dd-067e-4452-8ec3.jpeg', '2021-05-11 18:00:09'),
(119, 36, 138, 145, 160, '/images/products/6dc07f7d-be45-4163-903e.jpeg', '2021-05-11 18:00:09'),
(120, 36, 138, 145, 160, '/images/products/70a1a66f-39e0-4120-844e.jpeg', '2021-05-11 18:00:09'),
(121, 36, 138, 145, 160, '/images/products/69605fd6-692c-4ef7-8d7d.jpeg', '2021-05-11 18:00:09'),
(122, 36, 138, 145, 160, '/images/products/6c3100d2-a02b-4eb7-a883.jpeg', '2021-05-11 18:00:09'),
(123, 36, 138, 145, 160, '/images/products/7e2ffecd-79c9-4842-bea2.jpeg', '2021-05-11 18:00:09'),
(124, 36, 138, 145, 160, '/images/products/18f197c3-43e5-4186-a131.jpeg', '2021-05-11 18:00:09'),
(125, 36, 138, 145, 160, '/images/products/09236fca-d851-49c7-ad52.jpeg', '2021-05-11 18:00:09'),
(126, 36, 138, 145, 160, '/images/products/97feaeb6-7fa1-43c1-a897.jpeg', '2021-05-11 18:00:09'),
(127, 36, 138, 145, 160, '/images/products/c79f8c40-68d7-4724-9204.jpeg', '2021-05-11 18:00:09'),
(128, 36, 138, 145, 160, '/images/products/c87c2389-edb7-425f-981a.jpeg', '2021-05-11 18:00:09'),
(129, 36, 138, 145, 160, '/images/products/1ffc0d7a-cbdc-41c3-88c2.jpeg', '2021-05-11 18:00:09'),
(130, 36, 138, 145, 160, '/images/products/6d451f56-ccc4-4929-91d0.jpeg', '2021-05-11 18:00:09'),
(131, 36, 138, 145, 160, '/images/products/d181b999-ed96-4291-9250.jpeg', '2021-05-11 18:00:10'),
(132, 36, 138, 145, 160, '/images/products/600f83dd-067e-4452-8ec3.jpeg', '2021-05-11 18:00:10'),
(133, 36, 138, 145, 160, '/images/products/6dc07f7d-be45-4163-903e.jpeg', '2021-05-11 18:00:10'),
(134, 36, 138, 145, 160, '/images/products/70a1a66f-39e0-4120-844e.jpeg', '2021-05-11 18:00:10'),
(135, 36, 138, 145, 160, '/images/products/69605fd6-692c-4ef7-8d7d.jpeg', '2021-05-11 18:00:10'),
(136, 36, 138, 145, 160, '/images/products/6c3100d2-a02b-4eb7-a883.jpeg', '2021-05-11 18:00:10'),
(137, 36, 138, 145, 160, '/images/products/7e2ffecd-79c9-4842-bea2.jpeg', '2021-05-11 18:00:10'),
(138, 36, 138, 145, 160, '/images/products/18f197c3-43e5-4186-a131.jpeg', '2021-05-11 18:00:10'),
(139, 36, 138, 145, 160, '/images/products/09236fca-d851-49c7-ad52.jpeg', '2021-05-11 18:00:10'),
(140, 36, 138, 145, 160, '/images/products/97feaeb6-7fa1-43c1-a897.jpeg', '2021-05-11 18:00:10'),
(141, 36, 138, 145, 160, '/images/products/c79f8c40-68d7-4724-9204.jpeg', '2021-05-11 18:00:10'),
(142, 36, 138, 145, 160, '/images/products/c87c2389-edb7-425f-981a.jpeg', '2021-05-11 18:00:10'),
(143, 36, 138, 145, 160, '/images/products/1ffc0d7a-cbdc-41c3-88c2.jpeg', '2021-05-11 18:00:10'),
(144, 36, 138, 145, 160, '/images/products/6d451f56-ccc4-4929-91d0.jpeg', '2021-05-11 18:00:10'),
(145, 37, 138, 145, 160, '/images/products/d181b999-ed96-4291-9250.jpeg', '2021-05-11 18:02:18'),
(146, 37, 138, 145, 160, '/images/products/600f83dd-067e-4452-8ec3.jpeg', '2021-05-11 18:02:18'),
(147, 37, 138, 145, 160, '/images/products/6dc07f7d-be45-4163-903e.jpeg', '2021-05-11 18:02:18'),
(148, 37, 138, 145, 160, '/images/products/70a1a66f-39e0-4120-844e.jpeg', '2021-05-11 18:02:18'),
(149, 37, 138, 145, 160, '/images/products/69605fd6-692c-4ef7-8d7d.jpeg', '2021-05-11 18:02:18'),
(150, 37, 138, 145, 160, '/images/products/6c3100d2-a02b-4eb7-a883.jpeg', '2021-05-11 18:02:18'),
(151, 37, 138, 145, 160, '/images/products/7e2ffecd-79c9-4842-bea2.jpeg', '2021-05-11 18:02:18'),
(152, 37, 138, 145, 160, '/images/products/18f197c3-43e5-4186-a131.jpeg', '2021-05-11 18:02:18'),
(153, 37, 138, 145, 160, '/images/products/09236fca-d851-49c7-ad52.jpeg', '2021-05-11 18:02:19'),
(154, 37, 138, 145, 160, '/images/products/97feaeb6-7fa1-43c1-a897.jpeg', '2021-05-11 18:02:19'),
(155, 37, 138, 145, 160, '/images/products/c79f8c40-68d7-4724-9204.jpeg', '2021-05-11 18:02:19'),
(156, 37, 138, 145, 160, '/images/products/c87c2389-edb7-425f-981a.jpeg', '2021-05-11 18:02:19'),
(157, 37, 138, 145, 160, '/images/products/1ffc0d7a-cbdc-41c3-88c2.jpeg', '2021-05-11 18:02:19'),
(158, 37, 138, 145, 160, '/images/products/6d451f56-ccc4-4929-91d0.jpeg', '2021-05-11 18:02:19'),
(159, 37, 138, 145, 160, '/images/products/4b0ccaa9-624b-4902-84aa.jpeg', '2021-05-11 18:02:19'),
(160, 37, 138, 145, 160, '/images/products/9b53ef96-6013-440e-b301.jpeg', '2021-05-11 18:02:19'),
(161, 37, 138, 145, 160, '/images/products/d181b999-ed96-4291-9250.jpeg', '2021-05-11 18:02:19'),
(162, 37, 138, 145, 160, '/images/products/600f83dd-067e-4452-8ec3.jpeg', '2021-05-11 18:02:19'),
(163, 37, 138, 145, 160, '/images/products/6dc07f7d-be45-4163-903e.jpeg', '2021-05-11 18:02:19'),
(164, 37, 138, 145, 160, '/images/products/70a1a66f-39e0-4120-844e.jpeg', '2021-05-11 18:02:19'),
(165, 37, 138, 145, 160, '/images/products/69605fd6-692c-4ef7-8d7d.jpeg', '2021-05-11 18:02:19'),
(166, 37, 138, 145, 160, '/images/products/6c3100d2-a02b-4eb7-a883.jpeg', '2021-05-11 18:02:19'),
(167, 37, 138, 145, 160, '/images/products/7e2ffecd-79c9-4842-bea2.jpeg', '2021-05-11 18:02:19'),
(168, 37, 138, 145, 160, '/images/products/18f197c3-43e5-4186-a131.jpeg', '2021-05-11 18:02:19'),
(169, 37, 138, 145, 160, '/images/products/09236fca-d851-49c7-ad52.jpeg', '2021-05-11 18:02:19'),
(170, 37, 138, 145, 160, '/images/products/97feaeb6-7fa1-43c1-a897.jpeg', '2021-05-11 18:02:19'),
(171, 37, 138, 145, 160, '/images/products/c79f8c40-68d7-4724-9204.jpeg', '2021-05-11 18:02:19'),
(172, 37, 138, 145, 160, '/images/products/c87c2389-edb7-425f-981a.jpeg', '2021-05-11 18:02:19'),
(173, 37, 138, 145, 160, '/images/products/1ffc0d7a-cbdc-41c3-88c2.jpeg', '2021-05-11 18:02:20'),
(174, 37, 138, 145, 160, '/images/products/6d451f56-ccc4-4929-91d0.jpeg', '2021-05-11 18:02:20'),
(175, 37, 138, 145, 160, '/images/products/4b0ccaa9-624b-4902-84aa.jpeg', '2021-05-11 18:02:20'),
(176, 37, 138, 145, 160, '/images/products/9b53ef96-6013-440e-b301.jpeg', '2021-05-11 18:02:20'),
(177, 37, 138, 145, 160, '/images/products/d181b999-ed96-4291-9250.jpeg', '2021-05-11 18:02:20'),
(178, 37, 138, 145, 160, '/images/products/600f83dd-067e-4452-8ec3.jpeg', '2021-05-11 18:02:20'),
(179, 37, 138, 145, 160, '/images/products/6dc07f7d-be45-4163-903e.jpeg', '2021-05-11 18:02:20'),
(180, 37, 138, 145, 160, '/images/products/70a1a66f-39e0-4120-844e.jpeg', '2021-05-11 18:02:20'),
(181, 37, 138, 145, 160, '/images/products/69605fd6-692c-4ef7-8d7d.jpeg', '2021-05-11 18:02:20'),
(182, 37, 138, 145, 160, '/images/products/6c3100d2-a02b-4eb7-a883.jpeg', '2021-05-11 18:02:20'),
(183, 37, 138, 145, 160, '/images/products/7e2ffecd-79c9-4842-bea2.jpeg', '2021-05-11 18:02:20'),
(184, 37, 138, 145, 160, '/images/products/18f197c3-43e5-4186-a131.jpeg', '2021-05-11 18:02:20'),
(185, 37, 138, 145, 160, '/images/products/09236fca-d851-49c7-ad52.jpeg', '2021-05-11 18:02:20'),
(186, 37, 138, 145, 160, '/images/products/97feaeb6-7fa1-43c1-a897.jpeg', '2021-05-11 18:02:20'),
(187, 37, 138, 145, 160, '/images/products/c79f8c40-68d7-4724-9204.jpeg', '2021-05-11 18:02:20'),
(188, 37, 138, 145, 160, '/images/products/c87c2389-edb7-425f-981a.jpeg', '2021-05-11 18:02:20'),
(189, 37, 138, 145, 160, '/images/products/1ffc0d7a-cbdc-41c3-88c2.jpeg', '2021-05-11 18:02:20'),
(190, 37, 138, 145, 160, '/images/products/6d451f56-ccc4-4929-91d0.jpeg', '2021-05-11 18:02:20'),
(191, 37, 138, 145, 160, '/images/products/4b0ccaa9-624b-4902-84aa.jpeg', '2021-05-11 18:02:20'),
(192, 37, 138, 145, 160, '/images/products/9b53ef96-6013-440e-b301.jpeg', '2021-05-11 18:02:20'),
(193, 37, 138, 145, 160, '/images/products/d181b999-ed96-4291-9250.jpeg', '2021-05-11 18:02:20'),
(194, 37, 138, 145, 160, '/images/products/600f83dd-067e-4452-8ec3.jpeg', '2021-05-11 18:02:20'),
(195, 37, 138, 145, 160, '/images/products/6dc07f7d-be45-4163-903e.jpeg', '2021-05-11 18:02:20'),
(196, 37, 138, 145, 160, '/images/products/70a1a66f-39e0-4120-844e.jpeg', '2021-05-11 18:02:20'),
(197, 37, 138, 145, 160, '/images/products/69605fd6-692c-4ef7-8d7d.jpeg', '2021-05-11 18:02:20'),
(198, 37, 138, 145, 160, '/images/products/6c3100d2-a02b-4eb7-a883.jpeg', '2021-05-11 18:02:21'),
(199, 37, 138, 145, 160, '/images/products/7e2ffecd-79c9-4842-bea2.jpeg', '2021-05-11 18:02:21'),
(200, 37, 138, 145, 160, '/images/products/18f197c3-43e5-4186-a131.jpeg', '2021-05-11 18:02:21'),
(201, 37, 138, 145, 160, '/images/products/09236fca-d851-49c7-ad52.jpeg', '2021-05-11 18:02:21'),
(202, 37, 138, 145, 160, '/images/products/97feaeb6-7fa1-43c1-a897.jpeg', '2021-05-11 18:02:21'),
(203, 37, 138, 145, 160, '/images/products/c79f8c40-68d7-4724-9204.jpeg', '2021-05-11 18:02:21'),
(204, 37, 138, 145, 160, '/images/products/c87c2389-edb7-425f-981a.jpeg', '2021-05-11 18:02:21'),
(205, 37, 138, 145, 160, '/images/products/1ffc0d7a-cbdc-41c3-88c2.jpeg', '2021-05-11 18:02:21'),
(206, 37, 138, 145, 160, '/images/products/6d451f56-ccc4-4929-91d0.jpeg', '2021-05-11 18:02:21'),
(207, 37, 138, 145, 160, '/images/products/4b0ccaa9-624b-4902-84aa.jpeg', '2021-05-11 18:02:21'),
(208, 37, 138, 145, 160, '/images/products/9b53ef96-6013-440e-b301.jpeg', '2021-05-11 18:02:21'),
(209, 37, 138, 145, 160, '/images/products/d181b999-ed96-4291-9250.jpeg', '2021-05-11 18:02:21'),
(210, 37, 138, 145, 160, '/images/products/600f83dd-067e-4452-8ec3.jpeg', '2021-05-11 18:02:21'),
(211, 37, 138, 145, 160, '/images/products/6dc07f7d-be45-4163-903e.jpeg', '2021-05-11 18:02:21'),
(212, 37, 138, 145, 160, '/images/products/70a1a66f-39e0-4120-844e.jpeg', '2021-05-11 18:02:21'),
(213, 37, 138, 145, 160, '/images/products/69605fd6-692c-4ef7-8d7d.jpeg', '2021-05-11 18:02:21'),
(214, 37, 138, 145, 160, '/images/products/6c3100d2-a02b-4eb7-a883.jpeg', '2021-05-11 18:02:21'),
(215, 37, 138, 145, 160, '/images/products/7e2ffecd-79c9-4842-bea2.jpeg', '2021-05-11 18:02:21'),
(216, 37, 138, 145, 160, '/images/products/18f197c3-43e5-4186-a131.jpeg', '2021-05-11 18:02:21'),
(217, 37, 138, 145, 160, '/images/products/09236fca-d851-49c7-ad52.jpeg', '2021-05-11 18:02:21'),
(218, 37, 138, 145, 160, '/images/products/97feaeb6-7fa1-43c1-a897.jpeg', '2021-05-11 18:02:21'),
(219, 37, 138, 145, 160, '/images/products/c79f8c40-68d7-4724-9204.jpeg', '2021-05-11 18:02:22'),
(220, 37, 138, 145, 160, '/images/products/c87c2389-edb7-425f-981a.jpeg', '2021-05-11 18:02:22'),
(221, 37, 138, 145, 160, '/images/products/1ffc0d7a-cbdc-41c3-88c2.jpeg', '2021-05-11 18:02:22'),
(222, 37, 138, 145, 160, '/images/products/6d451f56-ccc4-4929-91d0.jpeg', '2021-05-11 18:02:22'),
(223, 37, 138, 145, 160, '/images/products/4b0ccaa9-624b-4902-84aa.jpeg', '2021-05-11 18:02:22'),
(224, 37, 138, 145, 160, '/images/products/9b53ef96-6013-440e-b301.jpeg', '2021-05-11 18:02:22'),
(225, 37, 138, 145, 160, '/images/products/d181b999-ed96-4291-9250.jpeg', '2021-05-11 18:02:22'),
(226, 37, 138, 145, 160, '/images/products/600f83dd-067e-4452-8ec3.jpeg', '2021-05-11 18:02:22'),
(227, 37, 138, 145, 160, '/images/products/6dc07f7d-be45-4163-903e.jpeg', '2021-05-11 18:02:22'),
(228, 37, 138, 145, 160, '/images/products/70a1a66f-39e0-4120-844e.jpeg', '2021-05-11 18:02:22'),
(229, 37, 138, 145, 160, '/images/products/69605fd6-692c-4ef7-8d7d.jpeg', '2021-05-11 18:02:22'),
(230, 37, 138, 145, 160, '/images/products/6c3100d2-a02b-4eb7-a883.jpeg', '2021-05-11 18:02:22'),
(231, 37, 138, 145, 160, '/images/products/7e2ffecd-79c9-4842-bea2.jpeg', '2021-05-11 18:02:23'),
(232, 37, 138, 145, 160, '/images/products/18f197c3-43e5-4186-a131.jpeg', '2021-05-11 18:02:23'),
(233, 37, 138, 145, 160, '/images/products/09236fca-d851-49c7-ad52.jpeg', '2021-05-11 18:02:23'),
(234, 37, 138, 145, 160, '/images/products/97feaeb6-7fa1-43c1-a897.jpeg', '2021-05-11 18:02:23'),
(235, 37, 138, 145, 160, '/images/products/c79f8c40-68d7-4724-9204.jpeg', '2021-05-11 18:02:23'),
(236, 37, 138, 145, 160, '/images/products/c87c2389-edb7-425f-981a.jpeg', '2021-05-11 18:02:23'),
(237, 37, 138, 145, 160, '/images/products/1ffc0d7a-cbdc-41c3-88c2.jpeg', '2021-05-11 18:02:23'),
(238, 37, 138, 145, 160, '/images/products/6d451f56-ccc4-4929-91d0.jpeg', '2021-05-11 18:02:23'),
(239, 37, 138, 145, 160, '/images/products/4b0ccaa9-624b-4902-84aa.jpeg', '2021-05-11 18:02:23'),
(240, 37, 138, 145, 160, '/images/products/9b53ef96-6013-440e-b301.jpeg', '2021-05-11 18:02:23'),
(241, 38, 138, 145, 161, '/images/products/d181b999-ed96-4291-9250.jpeg', '2021-05-11 18:06:04'),
(242, 38, 138, 145, 161, '/images/products/600f83dd-067e-4452-8ec3.jpeg', '2021-05-11 18:06:04'),
(243, 38, 138, 145, 161, '/images/products/6dc07f7d-be45-4163-903e.jpeg', '2021-05-11 18:06:04'),
(244, 38, 138, 145, 161, '/images/products/70a1a66f-39e0-4120-844e.jpeg', '2021-05-11 18:06:04'),
(245, 38, 138, 145, 161, '/images/products/69605fd6-692c-4ef7-8d7d.jpeg', '2021-05-11 18:06:04'),
(246, 38, 138, 145, 161, '/images/products/6c3100d2-a02b-4eb7-a883.jpeg', '2021-05-11 18:06:04'),
(247, 38, 138, 145, 161, '/images/products/7e2ffecd-79c9-4842-bea2.jpeg', '2021-05-11 18:06:04'),
(248, 38, 138, 145, 161, '/images/products/18f197c3-43e5-4186-a131.jpeg', '2021-05-11 18:06:04'),
(249, 38, 138, 145, 161, '/images/products/09236fca-d851-49c7-ad52.jpeg', '2021-05-11 18:06:04'),
(250, 38, 138, 145, 161, '/images/products/97feaeb6-7fa1-43c1-a897.jpeg', '2021-05-11 18:06:04'),
(251, 38, 138, 145, 161, '/images/products/c79f8c40-68d7-4724-9204.jpeg', '2021-05-11 18:06:04'),
(252, 38, 138, 145, 161, '/images/products/c87c2389-edb7-425f-981a.jpeg', '2021-05-11 18:06:04'),
(253, 38, 138, 145, 161, '/images/products/1ffc0d7a-cbdc-41c3-88c2.jpeg', '2021-05-11 18:06:04'),
(254, 38, 138, 145, 161, '/images/products/6d451f56-ccc4-4929-91d0.jpeg', '2021-05-11 18:06:04'),
(255, 38, 138, 145, 161, '/images/products/4b0ccaa9-624b-4902-84aa.jpeg', '2021-05-11 18:06:04'),
(256, 38, 138, 145, 161, '/images/products/9b53ef96-6013-440e-b301.jpeg', '2021-05-11 18:06:04'),
(257, 38, 138, 145, 161, '/images/products/b2ae5a79-9228-49fc-880a.jpeg', '2021-05-11 18:06:04'),
(258, 38, 138, 145, 161, '/images/products/820f2e13-e488-4f40-b7ca.jpeg', '2021-05-11 18:06:04'),
(259, 38, 138, 145, 161, '/images/products/d181b999-ed96-4291-9250.jpeg', '2021-05-11 18:06:04'),
(260, 38, 138, 145, 161, '/images/products/600f83dd-067e-4452-8ec3.jpeg', '2021-05-11 18:06:05'),
(261, 38, 138, 145, 161, '/images/products/6dc07f7d-be45-4163-903e.jpeg', '2021-05-11 18:06:05'),
(262, 38, 138, 145, 161, '/images/products/70a1a66f-39e0-4120-844e.jpeg', '2021-05-11 18:06:05'),
(263, 38, 138, 145, 161, '/images/products/69605fd6-692c-4ef7-8d7d.jpeg', '2021-05-11 18:06:05'),
(264, 38, 138, 145, 161, '/images/products/6c3100d2-a02b-4eb7-a883.jpeg', '2021-05-11 18:06:05'),
(265, 38, 138, 145, 161, '/images/products/7e2ffecd-79c9-4842-bea2.jpeg', '2021-05-11 18:06:05'),
(266, 38, 138, 145, 161, '/images/products/18f197c3-43e5-4186-a131.jpeg', '2021-05-11 18:06:05'),
(267, 38, 138, 145, 161, '/images/products/09236fca-d851-49c7-ad52.jpeg', '2021-05-11 18:06:05'),
(268, 38, 138, 145, 161, '/images/products/97feaeb6-7fa1-43c1-a897.jpeg', '2021-05-11 18:06:05'),
(269, 38, 138, 145, 161, '/images/products/c79f8c40-68d7-4724-9204.jpeg', '2021-05-11 18:06:05'),
(270, 38, 138, 145, 161, '/images/products/c87c2389-edb7-425f-981a.jpeg', '2021-05-11 18:06:05'),
(271, 38, 138, 145, 161, '/images/products/1ffc0d7a-cbdc-41c3-88c2.jpeg', '2021-05-11 18:06:05'),
(272, 38, 138, 145, 161, '/images/products/6d451f56-ccc4-4929-91d0.jpeg', '2021-05-11 18:06:05'),
(273, 38, 138, 145, 161, '/images/products/4b0ccaa9-624b-4902-84aa.jpeg', '2021-05-11 18:06:05'),
(274, 38, 138, 145, 161, '/images/products/9b53ef96-6013-440e-b301.jpeg', '2021-05-11 18:06:05'),
(275, 38, 138, 145, 161, '/images/products/b2ae5a79-9228-49fc-880a.jpeg', '2021-05-11 18:06:05'),
(276, 38, 138, 145, 161, '/images/products/820f2e13-e488-4f40-b7ca.jpeg', '2021-05-11 18:06:05'),
(277, 38, 138, 145, 161, '/images/products/d181b999-ed96-4291-9250.jpeg', '2021-05-11 18:06:05'),
(278, 38, 138, 145, 161, '/images/products/600f83dd-067e-4452-8ec3.jpeg', '2021-05-11 18:06:05'),
(279, 38, 138, 145, 161, '/images/products/6dc07f7d-be45-4163-903e.jpeg', '2021-05-11 18:06:05'),
(280, 38, 138, 145, 161, '/images/products/70a1a66f-39e0-4120-844e.jpeg', '2021-05-11 18:06:05'),
(281, 38, 138, 145, 161, '/images/products/69605fd6-692c-4ef7-8d7d.jpeg', '2021-05-11 18:06:06'),
(282, 38, 138, 145, 161, '/images/products/6c3100d2-a02b-4eb7-a883.jpeg', '2021-05-11 18:06:06'),
(283, 38, 138, 145, 161, '/images/products/7e2ffecd-79c9-4842-bea2.jpeg', '2021-05-11 18:06:06'),
(284, 38, 138, 145, 161, '/images/products/18f197c3-43e5-4186-a131.jpeg', '2021-05-11 18:06:06'),
(285, 38, 138, 145, 161, '/images/products/09236fca-d851-49c7-ad52.jpeg', '2021-05-11 18:06:06'),
(286, 38, 138, 145, 161, '/images/products/97feaeb6-7fa1-43c1-a897.jpeg', '2021-05-11 18:06:06'),
(287, 38, 138, 145, 161, '/images/products/c79f8c40-68d7-4724-9204.jpeg', '2021-05-11 18:06:06'),
(288, 38, 138, 145, 161, '/images/products/c87c2389-edb7-425f-981a.jpeg', '2021-05-11 18:06:06'),
(289, 38, 138, 145, 161, '/images/products/1ffc0d7a-cbdc-41c3-88c2.jpeg', '2021-05-11 18:06:06'),
(290, 38, 138, 145, 161, '/images/products/6d451f56-ccc4-4929-91d0.jpeg', '2021-05-11 18:06:06'),
(291, 38, 138, 145, 161, '/images/products/4b0ccaa9-624b-4902-84aa.jpeg', '2021-05-11 18:06:06'),
(292, 38, 138, 145, 161, '/images/products/9b53ef96-6013-440e-b301.jpeg', '2021-05-11 18:06:06'),
(293, 38, 138, 145, 161, '/images/products/b2ae5a79-9228-49fc-880a.jpeg', '2021-05-11 18:06:06'),
(294, 38, 138, 145, 161, '/images/products/820f2e13-e488-4f40-b7ca.jpeg', '2021-05-11 18:06:06'),
(295, 38, 138, 145, 161, '/images/products/d181b999-ed96-4291-9250.jpeg', '2021-05-11 18:06:06'),
(296, 38, 138, 145, 161, '/images/products/600f83dd-067e-4452-8ec3.jpeg', '2021-05-11 18:06:06'),
(297, 38, 138, 145, 161, '/images/products/6dc07f7d-be45-4163-903e.jpeg', '2021-05-11 18:06:06'),
(298, 38, 138, 145, 161, '/images/products/70a1a66f-39e0-4120-844e.jpeg', '2021-05-11 18:06:06'),
(299, 38, 138, 145, 161, '/images/products/69605fd6-692c-4ef7-8d7d.jpeg', '2021-05-11 18:06:06'),
(300, 38, 138, 145, 161, '/images/products/6c3100d2-a02b-4eb7-a883.jpeg', '2021-05-11 18:06:06'),
(301, 38, 138, 145, 161, '/images/products/7e2ffecd-79c9-4842-bea2.jpeg', '2021-05-11 18:06:06'),
(302, 38, 138, 145, 161, '/images/products/18f197c3-43e5-4186-a131.jpeg', '2021-05-11 18:06:06'),
(303, 38, 138, 145, 161, '/images/products/09236fca-d851-49c7-ad52.jpeg', '2021-05-11 18:06:06'),
(304, 38, 138, 145, 161, '/images/products/97feaeb6-7fa1-43c1-a897.jpeg', '2021-05-11 18:06:06'),
(305, 38, 138, 145, 161, '/images/products/c79f8c40-68d7-4724-9204.jpeg', '2021-05-11 18:06:07'),
(306, 38, 138, 145, 161, '/images/products/c87c2389-edb7-425f-981a.jpeg', '2021-05-11 18:06:07'),
(307, 38, 138, 145, 161, '/images/products/1ffc0d7a-cbdc-41c3-88c2.jpeg', '2021-05-11 18:06:07'),
(308, 38, 138, 145, 161, '/images/products/6d451f56-ccc4-4929-91d0.jpeg', '2021-05-11 18:06:07'),
(309, 38, 138, 145, 161, '/images/products/4b0ccaa9-624b-4902-84aa.jpeg', '2021-05-11 18:06:07'),
(310, 38, 138, 145, 161, '/images/products/9b53ef96-6013-440e-b301.jpeg', '2021-05-11 18:06:07'),
(311, 38, 138, 145, 161, '/images/products/b2ae5a79-9228-49fc-880a.jpeg', '2021-05-11 18:06:07'),
(312, 38, 138, 145, 161, '/images/products/820f2e13-e488-4f40-b7ca.jpeg', '2021-05-11 18:06:07'),
(313, 38, 138, 145, 161, '/images/products/d181b999-ed96-4291-9250.jpeg', '2021-05-11 18:06:07'),
(314, 38, 138, 145, 161, '/images/products/600f83dd-067e-4452-8ec3.jpeg', '2021-05-11 18:06:07'),
(315, 38, 138, 145, 161, '/images/products/6dc07f7d-be45-4163-903e.jpeg', '2021-05-11 18:06:07'),
(316, 38, 138, 145, 161, '/images/products/70a1a66f-39e0-4120-844e.jpeg', '2021-05-11 18:06:07'),
(317, 38, 138, 145, 161, '/images/products/69605fd6-692c-4ef7-8d7d.jpeg', '2021-05-11 18:06:07'),
(318, 38, 138, 145, 161, '/images/products/6c3100d2-a02b-4eb7-a883.jpeg', '2021-05-11 18:06:07'),
(319, 38, 138, 145, 161, '/images/products/7e2ffecd-79c9-4842-bea2.jpeg', '2021-05-11 18:06:07'),
(320, 38, 138, 145, 161, '/images/products/18f197c3-43e5-4186-a131.jpeg', '2021-05-11 18:06:07'),
(321, 38, 138, 145, 161, '/images/products/09236fca-d851-49c7-ad52.jpeg', '2021-05-11 18:06:07'),
(322, 38, 138, 145, 161, '/images/products/97feaeb6-7fa1-43c1-a897.jpeg', '2021-05-11 18:06:07'),
(323, 38, 138, 145, 161, '/images/products/c79f8c40-68d7-4724-9204.jpeg', '2021-05-11 18:06:07'),
(324, 38, 138, 145, 161, '/images/products/c87c2389-edb7-425f-981a.jpeg', '2021-05-11 18:06:07'),
(325, 38, 138, 145, 161, '/images/products/1ffc0d7a-cbdc-41c3-88c2.jpeg', '2021-05-11 18:06:07'),
(326, 38, 138, 145, 161, '/images/products/6d451f56-ccc4-4929-91d0.jpeg', '2021-05-11 18:06:07'),
(327, 38, 138, 145, 161, '/images/products/4b0ccaa9-624b-4902-84aa.jpeg', '2021-05-11 18:06:07'),
(328, 38, 138, 145, 161, '/images/products/9b53ef96-6013-440e-b301.jpeg', '2021-05-11 18:06:07'),
(329, 38, 138, 145, 161, '/images/products/b2ae5a79-9228-49fc-880a.jpeg', '2021-05-11 18:06:08'),
(330, 38, 138, 145, 161, '/images/products/820f2e13-e488-4f40-b7ca.jpeg', '2021-05-11 18:06:08'),
(331, 38, 138, 145, 161, '/images/products/d181b999-ed96-4291-9250.jpeg', '2021-05-11 18:06:08'),
(332, 38, 138, 145, 161, '/images/products/600f83dd-067e-4452-8ec3.jpeg', '2021-05-11 18:06:08'),
(333, 38, 138, 145, 161, '/images/products/6dc07f7d-be45-4163-903e.jpeg', '2021-05-11 18:06:08'),
(334, 38, 138, 145, 161, '/images/products/70a1a66f-39e0-4120-844e.jpeg', '2021-05-11 18:06:08'),
(335, 38, 138, 145, 161, '/images/products/69605fd6-692c-4ef7-8d7d.jpeg', '2021-05-11 18:06:08'),
(336, 38, 138, 145, 161, '/images/products/6c3100d2-a02b-4eb7-a883.jpeg', '2021-05-11 18:06:08'),
(337, 38, 138, 145, 161, '/images/products/7e2ffecd-79c9-4842-bea2.jpeg', '2021-05-11 18:06:08'),
(338, 38, 138, 145, 161, '/images/products/18f197c3-43e5-4186-a131.jpeg', '2021-05-11 18:06:08'),
(339, 38, 138, 145, 161, '/images/products/09236fca-d851-49c7-ad52.jpeg', '2021-05-11 18:06:08'),
(340, 38, 138, 145, 161, '/images/products/97feaeb6-7fa1-43c1-a897.jpeg', '2021-05-11 18:06:08'),
(341, 38, 138, 145, 161, '/images/products/c79f8c40-68d7-4724-9204.jpeg', '2021-05-11 18:06:08'),
(342, 38, 138, 145, 161, '/images/products/c87c2389-edb7-425f-981a.jpeg', '2021-05-11 18:06:08'),
(343, 38, 138, 145, 161, '/images/products/1ffc0d7a-cbdc-41c3-88c2.jpeg', '2021-05-11 18:06:08'),
(344, 38, 138, 145, 161, '/images/products/6d451f56-ccc4-4929-91d0.jpeg', '2021-05-11 18:06:08'),
(345, 38, 138, 145, 161, '/images/products/4b0ccaa9-624b-4902-84aa.jpeg', '2021-05-11 18:06:08'),
(346, 38, 138, 145, 161, '/images/products/9b53ef96-6013-440e-b301.jpeg', '2021-05-11 18:06:08'),
(347, 38, 138, 145, 161, '/images/products/b2ae5a79-9228-49fc-880a.jpeg', '2021-05-11 18:06:08'),
(348, 38, 138, 145, 161, '/images/products/820f2e13-e488-4f40-b7ca.jpeg', '2021-05-11 18:06:08'),
(349, 39, 138, 145, 161, '/images/products/d181b999-ed96-4291-9250.jpeg', '2021-05-11 18:08:04'),
(350, 39, 138, 145, 161, '/images/products/600f83dd-067e-4452-8ec3.jpeg', '2021-05-11 18:08:04'),
(351, 39, 138, 145, 161, '/images/products/6dc07f7d-be45-4163-903e.jpeg', '2021-05-11 18:08:04'),
(352, 39, 138, 145, 161, '/images/products/70a1a66f-39e0-4120-844e.jpeg', '2021-05-11 18:08:04'),
(353, 39, 138, 145, 161, '/images/products/69605fd6-692c-4ef7-8d7d.jpeg', '2021-05-11 18:08:04'),
(354, 39, 138, 145, 161, '/images/products/6c3100d2-a02b-4eb7-a883.jpeg', '2021-05-11 18:08:04'),
(355, 39, 138, 145, 161, '/images/products/7e2ffecd-79c9-4842-bea2.jpeg', '2021-05-11 18:08:04'),
(356, 39, 138, 145, 161, '/images/products/18f197c3-43e5-4186-a131.jpeg', '2021-05-11 18:08:04'),
(357, 39, 138, 145, 161, '/images/products/09236fca-d851-49c7-ad52.jpeg', '2021-05-11 18:08:04'),
(358, 39, 138, 145, 161, '/images/products/97feaeb6-7fa1-43c1-a897.jpeg', '2021-05-11 18:08:04'),
(359, 39, 138, 145, 161, '/images/products/c79f8c40-68d7-4724-9204.jpeg', '2021-05-11 18:08:04'),
(360, 39, 138, 145, 161, '/images/products/c87c2389-edb7-425f-981a.jpeg', '2021-05-11 18:08:05'),
(361, 39, 138, 145, 161, '/images/products/1ffc0d7a-cbdc-41c3-88c2.jpeg', '2021-05-11 18:08:05'),
(362, 39, 138, 145, 161, '/images/products/6d451f56-ccc4-4929-91d0.jpeg', '2021-05-11 18:08:05'),
(363, 39, 138, 145, 161, '/images/products/4b0ccaa9-624b-4902-84aa.jpeg', '2021-05-11 18:08:05'),
(364, 39, 138, 145, 161, '/images/products/9b53ef96-6013-440e-b301.jpeg', '2021-05-11 18:08:05'),
(365, 39, 138, 145, 161, '/images/products/b2ae5a79-9228-49fc-880a.jpeg', '2021-05-11 18:08:05'),
(366, 39, 138, 145, 161, '/images/products/820f2e13-e488-4f40-b7ca.jpeg', '2021-05-11 18:08:05'),
(367, 39, 138, 145, 161, '/images/products/1fdaf3ed-5c20-4758-af1e.jpeg', '2021-05-11 18:08:05'),
(368, 39, 138, 145, 161, '/images/products/ca12e41e-447b-43c0-a319.jpeg', '2021-05-11 18:08:05'),
(369, 39, 138, 145, 161, '/images/products/d181b999-ed96-4291-9250.jpeg', '2021-05-11 18:08:05'),
(370, 39, 138, 145, 161, '/images/products/600f83dd-067e-4452-8ec3.jpeg', '2021-05-11 18:08:05'),
(371, 39, 138, 145, 161, '/images/products/6dc07f7d-be45-4163-903e.jpeg', '2021-05-11 18:08:05'),
(372, 39, 138, 145, 161, '/images/products/70a1a66f-39e0-4120-844e.jpeg', '2021-05-11 18:08:05'),
(373, 39, 138, 145, 161, '/images/products/69605fd6-692c-4ef7-8d7d.jpeg', '2021-05-11 18:08:05'),
(374, 39, 138, 145, 161, '/images/products/6c3100d2-a02b-4eb7-a883.jpeg', '2021-05-11 18:08:05'),
(375, 39, 138, 145, 161, '/images/products/7e2ffecd-79c9-4842-bea2.jpeg', '2021-05-11 18:08:05'),
(376, 39, 138, 145, 161, '/images/products/18f197c3-43e5-4186-a131.jpeg', '2021-05-11 18:08:05'),
(377, 39, 138, 145, 161, '/images/products/09236fca-d851-49c7-ad52.jpeg', '2021-05-11 18:08:05'),
(378, 39, 138, 145, 161, '/images/products/97feaeb6-7fa1-43c1-a897.jpeg', '2021-05-11 18:08:05'),
(379, 39, 138, 145, 161, '/images/products/c79f8c40-68d7-4724-9204.jpeg', '2021-05-11 18:08:05'),
(380, 39, 138, 145, 161, '/images/products/c87c2389-edb7-425f-981a.jpeg', '2021-05-11 18:08:05'),
(381, 39, 138, 145, 161, '/images/products/1ffc0d7a-cbdc-41c3-88c2.jpeg', '2021-05-11 18:08:05'),
(382, 39, 138, 145, 161, '/images/products/6d451f56-ccc4-4929-91d0.jpeg', '2021-05-11 18:08:05'),
(383, 39, 138, 145, 161, '/images/products/4b0ccaa9-624b-4902-84aa.jpeg', '2021-05-11 18:08:05'),
(384, 39, 138, 145, 161, '/images/products/9b53ef96-6013-440e-b301.jpeg', '2021-05-11 18:08:06'),
(385, 39, 138, 145, 161, '/images/products/b2ae5a79-9228-49fc-880a.jpeg', '2021-05-11 18:08:06'),
(386, 39, 138, 145, 161, '/images/products/820f2e13-e488-4f40-b7ca.jpeg', '2021-05-11 18:08:06'),
(387, 39, 138, 145, 161, '/images/products/1fdaf3ed-5c20-4758-af1e.jpeg', '2021-05-11 18:08:06'),
(388, 39, 138, 145, 161, '/images/products/ca12e41e-447b-43c0-a319.jpeg', '2021-05-11 18:08:06'),
(389, 39, 138, 145, 161, '/images/products/d181b999-ed96-4291-9250.jpeg', '2021-05-11 18:08:06'),
(390, 39, 138, 145, 161, '/images/products/600f83dd-067e-4452-8ec3.jpeg', '2021-05-11 18:08:06'),
(391, 39, 138, 145, 161, '/images/products/6dc07f7d-be45-4163-903e.jpeg', '2021-05-11 18:08:06'),
(392, 39, 138, 145, 161, '/images/products/70a1a66f-39e0-4120-844e.jpeg', '2021-05-11 18:08:06'),
(393, 39, 138, 145, 161, '/images/products/69605fd6-692c-4ef7-8d7d.jpeg', '2021-05-11 18:08:06'),
(394, 39, 138, 145, 161, '/images/products/6c3100d2-a02b-4eb7-a883.jpeg', '2021-05-11 18:08:06'),
(395, 39, 138, 145, 161, '/images/products/7e2ffecd-79c9-4842-bea2.jpeg', '2021-05-11 18:08:06'),
(396, 39, 138, 145, 161, '/images/products/18f197c3-43e5-4186-a131.jpeg', '2021-05-11 18:08:06'),
(397, 39, 138, 145, 161, '/images/products/09236fca-d851-49c7-ad52.jpeg', '2021-05-11 18:08:06'),
(398, 39, 138, 145, 161, '/images/products/97feaeb6-7fa1-43c1-a897.jpeg', '2021-05-11 18:08:06'),
(399, 39, 138, 145, 161, '/images/products/c79f8c40-68d7-4724-9204.jpeg', '2021-05-11 18:08:06'),
(400, 39, 138, 145, 161, '/images/products/c87c2389-edb7-425f-981a.jpeg', '2021-05-11 18:08:06'),
(401, 39, 138, 145, 161, '/images/products/1ffc0d7a-cbdc-41c3-88c2.jpeg', '2021-05-11 18:08:06'),
(402, 39, 138, 145, 161, '/images/products/6d451f56-ccc4-4929-91d0.jpeg', '2021-05-11 18:08:06'),
(403, 39, 138, 145, 161, '/images/products/4b0ccaa9-624b-4902-84aa.jpeg', '2021-05-11 18:08:06'),
(404, 39, 138, 145, 161, '/images/products/9b53ef96-6013-440e-b301.jpeg', '2021-05-11 18:08:06'),
(405, 39, 138, 145, 161, '/images/products/b2ae5a79-9228-49fc-880a.jpeg', '2021-05-11 18:08:06'),
(406, 39, 138, 145, 161, '/images/products/820f2e13-e488-4f40-b7ca.jpeg', '2021-05-11 18:08:06'),
(407, 39, 138, 145, 161, '/images/products/1fdaf3ed-5c20-4758-af1e.jpeg', '2021-05-11 18:08:06'),
(408, 39, 138, 145, 161, '/images/products/ca12e41e-447b-43c0-a319.jpeg', '2021-05-11 18:08:06'),
(409, 39, 138, 145, 161, '/images/products/d181b999-ed96-4291-9250.jpeg', '2021-05-11 18:08:06'),
(410, 39, 138, 145, 161, '/images/products/600f83dd-067e-4452-8ec3.jpeg', '2021-05-11 18:08:06'),
(411, 39, 138, 145, 161, '/images/products/6dc07f7d-be45-4163-903e.jpeg', '2021-05-11 18:08:07'),
(412, 39, 138, 145, 161, '/images/products/70a1a66f-39e0-4120-844e.jpeg', '2021-05-11 18:08:07'),
(413, 39, 138, 145, 161, '/images/products/69605fd6-692c-4ef7-8d7d.jpeg', '2021-05-11 18:08:07'),
(414, 39, 138, 145, 161, '/images/products/6c3100d2-a02b-4eb7-a883.jpeg', '2021-05-11 18:08:07'),
(415, 39, 138, 145, 161, '/images/products/7e2ffecd-79c9-4842-bea2.jpeg', '2021-05-11 18:08:07'),
(416, 39, 138, 145, 161, '/images/products/18f197c3-43e5-4186-a131.jpeg', '2021-05-11 18:08:07'),
(417, 39, 138, 145, 161, '/images/products/09236fca-d851-49c7-ad52.jpeg', '2021-05-11 18:08:07'),
(418, 39, 138, 145, 161, '/images/products/97feaeb6-7fa1-43c1-a897.jpeg', '2021-05-11 18:08:07'),
(419, 39, 138, 145, 161, '/images/products/c79f8c40-68d7-4724-9204.jpeg', '2021-05-11 18:08:07'),
(420, 39, 138, 145, 161, '/images/products/c87c2389-edb7-425f-981a.jpeg', '2021-05-11 18:08:07'),
(421, 39, 138, 145, 161, '/images/products/1ffc0d7a-cbdc-41c3-88c2.jpeg', '2021-05-11 18:08:07'),
(422, 39, 138, 145, 161, '/images/products/6d451f56-ccc4-4929-91d0.jpeg', '2021-05-11 18:08:07'),
(423, 39, 138, 145, 161, '/images/products/4b0ccaa9-624b-4902-84aa.jpeg', '2021-05-11 18:08:07'),
(424, 39, 138, 145, 161, '/images/products/9b53ef96-6013-440e-b301.jpeg', '2021-05-11 18:08:07'),
(425, 39, 138, 145, 161, '/images/products/b2ae5a79-9228-49fc-880a.jpeg', '2021-05-11 18:08:07'),
(426, 39, 138, 145, 161, '/images/products/820f2e13-e488-4f40-b7ca.jpeg', '2021-05-11 18:08:07'),
(427, 39, 138, 145, 161, '/images/products/1fdaf3ed-5c20-4758-af1e.jpeg', '2021-05-11 18:08:07'),
(428, 39, 138, 145, 161, '/images/products/ca12e41e-447b-43c0-a319.jpeg', '2021-05-11 18:08:07'),
(429, 39, 138, 145, 161, '/images/products/d181b999-ed96-4291-9250.jpeg', '2021-05-11 18:08:07'),
(430, 39, 138, 145, 161, '/images/products/600f83dd-067e-4452-8ec3.jpeg', '2021-05-11 18:08:07'),
(431, 39, 138, 145, 161, '/images/products/6dc07f7d-be45-4163-903e.jpeg', '2021-05-11 18:08:07'),
(432, 39, 138, 145, 161, '/images/products/70a1a66f-39e0-4120-844e.jpeg', '2021-05-11 18:08:07'),
(433, 39, 138, 145, 161, '/images/products/69605fd6-692c-4ef7-8d7d.jpeg', '2021-05-11 18:08:07'),
(434, 39, 138, 145, 161, '/images/products/6c3100d2-a02b-4eb7-a883.jpeg', '2021-05-11 18:08:07'),
(435, 39, 138, 145, 161, '/images/products/7e2ffecd-79c9-4842-bea2.jpeg', '2021-05-11 18:08:07'),
(436, 39, 138, 145, 161, '/images/products/18f197c3-43e5-4186-a131.jpeg', '2021-05-11 18:08:07'),
(437, 39, 138, 145, 161, '/images/products/09236fca-d851-49c7-ad52.jpeg', '2021-05-11 18:08:07'),
(438, 39, 138, 145, 161, '/images/products/97feaeb6-7fa1-43c1-a897.jpeg', '2021-05-11 18:08:08'),
(439, 39, 138, 145, 161, '/images/products/c79f8c40-68d7-4724-9204.jpeg', '2021-05-11 18:08:08'),
(440, 39, 138, 145, 161, '/images/products/c87c2389-edb7-425f-981a.jpeg', '2021-05-11 18:08:08'),
(441, 39, 138, 145, 161, '/images/products/1ffc0d7a-cbdc-41c3-88c2.jpeg', '2021-05-11 18:08:08'),
(442, 39, 138, 145, 161, '/images/products/6d451f56-ccc4-4929-91d0.jpeg', '2021-05-11 18:08:08'),
(443, 39, 138, 145, 161, '/images/products/4b0ccaa9-624b-4902-84aa.jpeg', '2021-05-11 18:08:08'),
(444, 39, 138, 145, 161, '/images/products/9b53ef96-6013-440e-b301.jpeg', '2021-05-11 18:08:08'),
(445, 39, 138, 145, 161, '/images/products/b2ae5a79-9228-49fc-880a.jpeg', '2021-05-11 18:08:08'),
(446, 39, 138, 145, 161, '/images/products/820f2e13-e488-4f40-b7ca.jpeg', '2021-05-11 18:08:08'),
(447, 39, 138, 145, 161, '/images/products/1fdaf3ed-5c20-4758-af1e.jpeg', '2021-05-11 18:08:08'),
(448, 39, 138, 145, 161, '/images/products/ca12e41e-447b-43c0-a319.jpeg', '2021-05-11 18:08:08'),
(449, 39, 138, 145, 161, '/images/products/d181b999-ed96-4291-9250.jpeg', '2021-05-11 18:08:08'),
(450, 39, 138, 145, 161, '/images/products/600f83dd-067e-4452-8ec3.jpeg', '2021-05-11 18:08:08'),
(451, 39, 138, 145, 161, '/images/products/6dc07f7d-be45-4163-903e.jpeg', '2021-05-11 18:08:08'),
(452, 39, 138, 145, 161, '/images/products/70a1a66f-39e0-4120-844e.jpeg', '2021-05-11 18:08:08'),
(453, 39, 138, 145, 161, '/images/products/69605fd6-692c-4ef7-8d7d.jpeg', '2021-05-11 18:08:08'),
(454, 39, 138, 145, 161, '/images/products/6c3100d2-a02b-4eb7-a883.jpeg', '2021-05-11 18:08:08'),
(455, 39, 138, 145, 161, '/images/products/7e2ffecd-79c9-4842-bea2.jpeg', '2021-05-11 18:08:08'),
(456, 39, 138, 145, 161, '/images/products/18f197c3-43e5-4186-a131.jpeg', '2021-05-11 18:08:08'),
(457, 39, 138, 145, 161, '/images/products/09236fca-d851-49c7-ad52.jpeg', '2021-05-11 18:08:08'),
(458, 39, 138, 145, 161, '/images/products/97feaeb6-7fa1-43c1-a897.jpeg', '2021-05-11 18:08:08'),
(459, 39, 138, 145, 161, '/images/products/c79f8c40-68d7-4724-9204.jpeg', '2021-05-11 18:08:08'),
(460, 39, 138, 145, 161, '/images/products/c87c2389-edb7-425f-981a.jpeg', '2021-05-11 18:08:08'),
(461, 39, 138, 145, 161, '/images/products/1ffc0d7a-cbdc-41c3-88c2.jpeg', '2021-05-11 18:08:08'),
(462, 39, 138, 145, 161, '/images/products/6d451f56-ccc4-4929-91d0.jpeg', '2021-05-11 18:08:08'),
(463, 39, 138, 145, 161, '/images/products/4b0ccaa9-624b-4902-84aa.jpeg', '2021-05-11 18:08:08'),
(464, 39, 138, 145, 161, '/images/products/9b53ef96-6013-440e-b301.jpeg', '2021-05-11 18:08:08'),
(465, 39, 138, 145, 161, '/images/products/b2ae5a79-9228-49fc-880a.jpeg', '2021-05-11 18:08:09'),
(466, 39, 138, 145, 161, '/images/products/820f2e13-e488-4f40-b7ca.jpeg', '2021-05-11 18:08:09'),
(467, 39, 138, 145, 161, '/images/products/1fdaf3ed-5c20-4758-af1e.jpeg', '2021-05-11 18:08:09'),
(468, 39, 138, 145, 161, '/images/products/ca12e41e-447b-43c0-a319.jpeg', '2021-05-11 18:08:09'),
(469, 40, 138, 145, 161, '/images/products/d181b999-ed96-4291-9250.jpeg', '2021-05-11 18:10:45'),
(470, 40, 138, 145, 161, '/images/products/600f83dd-067e-4452-8ec3.jpeg', '2021-05-11 18:10:45'),
(471, 40, 138, 145, 161, '/images/products/6dc07f7d-be45-4163-903e.jpeg', '2021-05-11 18:10:45'),
(472, 40, 138, 145, 161, '/images/products/70a1a66f-39e0-4120-844e.jpeg', '2021-05-11 18:10:45'),
(473, 40, 138, 145, 161, '/images/products/69605fd6-692c-4ef7-8d7d.jpeg', '2021-05-11 18:10:45'),
(474, 40, 138, 145, 161, '/images/products/6c3100d2-a02b-4eb7-a883.jpeg', '2021-05-11 18:10:45'),
(475, 40, 138, 145, 161, '/images/products/7e2ffecd-79c9-4842-bea2.jpeg', '2021-05-11 18:10:45'),
(476, 40, 138, 145, 161, '/images/products/18f197c3-43e5-4186-a131.jpeg', '2021-05-11 18:10:45'),
(477, 40, 138, 145, 161, '/images/products/09236fca-d851-49c7-ad52.jpeg', '2021-05-11 18:10:45'),
(478, 40, 138, 145, 161, '/images/products/97feaeb6-7fa1-43c1-a897.jpeg', '2021-05-11 18:10:45'),
(479, 40, 138, 145, 161, '/images/products/c79f8c40-68d7-4724-9204.jpeg', '2021-05-11 18:10:45'),
(480, 40, 138, 145, 161, '/images/products/c87c2389-edb7-425f-981a.jpeg', '2021-05-11 18:10:45'),
(481, 40, 138, 145, 161, '/images/products/1ffc0d7a-cbdc-41c3-88c2.jpeg', '2021-05-11 18:10:45'),
(482, 40, 138, 145, 161, '/images/products/6d451f56-ccc4-4929-91d0.jpeg', '2021-05-11 18:10:45'),
(483, 40, 138, 145, 161, '/images/products/4b0ccaa9-624b-4902-84aa.jpeg', '2021-05-11 18:10:45'),
(484, 40, 138, 145, 161, '/images/products/9b53ef96-6013-440e-b301.jpeg', '2021-05-11 18:10:45'),
(485, 40, 138, 145, 161, '/images/products/b2ae5a79-9228-49fc-880a.jpeg', '2021-05-11 18:10:45'),
(486, 40, 138, 145, 161, '/images/products/820f2e13-e488-4f40-b7ca.jpeg', '2021-05-11 18:10:45'),
(487, 40, 138, 145, 161, '/images/products/1fdaf3ed-5c20-4758-af1e.jpeg', '2021-05-11 18:10:45'),
(488, 40, 138, 145, 161, '/images/products/ca12e41e-447b-43c0-a319.jpeg', '2021-05-11 18:10:45'),
(489, 40, 138, 145, 161, '/images/products/d39c0df4-d974-4cf9-b0ba.jpeg', '2021-05-11 18:10:45'),
(490, 40, 138, 145, 161, '/images/products/247b0078-f8b5-4844-b6fd.jpeg', '2021-05-11 18:10:45'),
(491, 40, 138, 145, 161, '/images/products/d181b999-ed96-4291-9250.jpeg', '2021-05-11 18:10:45'),
(492, 40, 138, 145, 161, '/images/products/600f83dd-067e-4452-8ec3.jpeg', '2021-05-11 18:10:46'),
(493, 40, 138, 145, 161, '/images/products/6dc07f7d-be45-4163-903e.jpeg', '2021-05-11 18:10:46'),
(494, 40, 138, 145, 161, '/images/products/70a1a66f-39e0-4120-844e.jpeg', '2021-05-11 18:10:46'),
(495, 40, 138, 145, 161, '/images/products/69605fd6-692c-4ef7-8d7d.jpeg', '2021-05-11 18:10:46'),
(496, 40, 138, 145, 161, '/images/products/6c3100d2-a02b-4eb7-a883.jpeg', '2021-05-11 18:10:46'),
(497, 40, 138, 145, 161, '/images/products/7e2ffecd-79c9-4842-bea2.jpeg', '2021-05-11 18:10:46'),
(498, 40, 138, 145, 161, '/images/products/18f197c3-43e5-4186-a131.jpeg', '2021-05-11 18:10:46'),
(499, 40, 138, 145, 161, '/images/products/09236fca-d851-49c7-ad52.jpeg', '2021-05-11 18:10:46'),
(500, 40, 138, 145, 161, '/images/products/97feaeb6-7fa1-43c1-a897.jpeg', '2021-05-11 18:10:46'),
(501, 40, 138, 145, 161, '/images/products/c79f8c40-68d7-4724-9204.jpeg', '2021-05-11 18:10:46'),
(502, 40, 138, 145, 161, '/images/products/c87c2389-edb7-425f-981a.jpeg', '2021-05-11 18:10:46'),
(503, 40, 138, 145, 161, '/images/products/1ffc0d7a-cbdc-41c3-88c2.jpeg', '2021-05-11 18:10:46'),
(504, 40, 138, 145, 161, '/images/products/6d451f56-ccc4-4929-91d0.jpeg', '2021-05-11 18:10:46'),
(505, 40, 138, 145, 161, '/images/products/4b0ccaa9-624b-4902-84aa.jpeg', '2021-05-11 18:10:46'),
(506, 40, 138, 145, 161, '/images/products/9b53ef96-6013-440e-b301.jpeg', '2021-05-11 18:10:46'),
(507, 40, 138, 145, 161, '/images/products/b2ae5a79-9228-49fc-880a.jpeg', '2021-05-11 18:10:46'),
(508, 40, 138, 145, 161, '/images/products/820f2e13-e488-4f40-b7ca.jpeg', '2021-05-11 18:10:46'),
(509, 40, 138, 145, 161, '/images/products/1fdaf3ed-5c20-4758-af1e.jpeg', '2021-05-11 18:10:46'),
(510, 40, 138, 145, 161, '/images/products/ca12e41e-447b-43c0-a319.jpeg', '2021-05-11 18:10:46'),
(511, 40, 138, 145, 161, '/images/products/d39c0df4-d974-4cf9-b0ba.jpeg', '2021-05-11 18:10:46'),
(512, 40, 138, 145, 161, '/images/products/247b0078-f8b5-4844-b6fd.jpeg', '2021-05-11 18:10:46'),
(513, 40, 138, 145, 161, '/images/products/d181b999-ed96-4291-9250.jpeg', '2021-05-11 18:10:47'),
(514, 40, 138, 145, 161, '/images/products/600f83dd-067e-4452-8ec3.jpeg', '2021-05-11 18:10:47'),
(515, 40, 138, 145, 161, '/images/products/6dc07f7d-be45-4163-903e.jpeg', '2021-05-11 18:10:47'),
(516, 40, 138, 145, 161, '/images/products/70a1a66f-39e0-4120-844e.jpeg', '2021-05-11 18:10:47'),
(517, 40, 138, 145, 161, '/images/products/69605fd6-692c-4ef7-8d7d.jpeg', '2021-05-11 18:10:47'),
(518, 40, 138, 145, 161, '/images/products/6c3100d2-a02b-4eb7-a883.jpeg', '2021-05-11 18:10:47'),
(519, 40, 138, 145, 161, '/images/products/7e2ffecd-79c9-4842-bea2.jpeg', '2021-05-11 18:10:47'),
(520, 40, 138, 145, 161, '/images/products/18f197c3-43e5-4186-a131.jpeg', '2021-05-11 18:10:47'),
(521, 40, 138, 145, 161, '/images/products/09236fca-d851-49c7-ad52.jpeg', '2021-05-11 18:10:47'),
(522, 40, 138, 145, 161, '/images/products/97feaeb6-7fa1-43c1-a897.jpeg', '2021-05-11 18:10:47'),
(523, 40, 138, 145, 161, '/images/products/c79f8c40-68d7-4724-9204.jpeg', '2021-05-11 18:10:47'),
(524, 40, 138, 145, 161, '/images/products/c87c2389-edb7-425f-981a.jpeg', '2021-05-11 18:10:47'),
(525, 40, 138, 145, 161, '/images/products/1ffc0d7a-cbdc-41c3-88c2.jpeg', '2021-05-11 18:10:47'),
(526, 40, 138, 145, 161, '/images/products/6d451f56-ccc4-4929-91d0.jpeg', '2021-05-11 18:10:47'),
(527, 40, 138, 145, 161, '/images/products/4b0ccaa9-624b-4902-84aa.jpeg', '2021-05-11 18:10:47'),
(528, 40, 138, 145, 161, '/images/products/9b53ef96-6013-440e-b301.jpeg', '2021-05-11 18:10:47'),
(529, 40, 138, 145, 161, '/images/products/b2ae5a79-9228-49fc-880a.jpeg', '2021-05-11 18:10:47'),
(530, 40, 138, 145, 161, '/images/products/820f2e13-e488-4f40-b7ca.jpeg', '2021-05-11 18:10:47'),
(531, 40, 138, 145, 161, '/images/products/1fdaf3ed-5c20-4758-af1e.jpeg', '2021-05-11 18:10:47'),
(532, 40, 138, 145, 161, '/images/products/ca12e41e-447b-43c0-a319.jpeg', '2021-05-11 18:10:47'),
(533, 40, 138, 145, 161, '/images/products/d39c0df4-d974-4cf9-b0ba.jpeg', '2021-05-11 18:10:47'),
(534, 40, 138, 145, 161, '/images/products/247b0078-f8b5-4844-b6fd.jpeg', '2021-05-11 18:10:47'),
(535, 40, 138, 145, 161, '/images/products/d181b999-ed96-4291-9250.jpeg', '2021-05-11 18:10:47'),
(536, 40, 138, 145, 161, '/images/products/600f83dd-067e-4452-8ec3.jpeg', '2021-05-11 18:10:48'),
(537, 40, 138, 145, 161, '/images/products/6dc07f7d-be45-4163-903e.jpeg', '2021-05-11 18:10:48'),
(538, 40, 138, 145, 161, '/images/products/70a1a66f-39e0-4120-844e.jpeg', '2021-05-11 18:10:48'),
(539, 40, 138, 145, 161, '/images/products/69605fd6-692c-4ef7-8d7d.jpeg', '2021-05-11 18:10:48'),
(540, 40, 138, 145, 161, '/images/products/6c3100d2-a02b-4eb7-a883.jpeg', '2021-05-11 18:10:48'),
(541, 40, 138, 145, 161, '/images/products/7e2ffecd-79c9-4842-bea2.jpeg', '2021-05-11 18:10:48'),
(542, 40, 138, 145, 161, '/images/products/18f197c3-43e5-4186-a131.jpeg', '2021-05-11 18:10:48'),
(543, 40, 138, 145, 161, '/images/products/09236fca-d851-49c7-ad52.jpeg', '2021-05-11 18:10:48'),
(544, 40, 138, 145, 161, '/images/products/97feaeb6-7fa1-43c1-a897.jpeg', '2021-05-11 18:10:48'),
(545, 40, 138, 145, 161, '/images/products/c79f8c40-68d7-4724-9204.jpeg', '2021-05-11 18:10:48'),
(546, 40, 138, 145, 161, '/images/products/c87c2389-edb7-425f-981a.jpeg', '2021-05-11 18:10:48'),
(547, 40, 138, 145, 161, '/images/products/1ffc0d7a-cbdc-41c3-88c2.jpeg', '2021-05-11 18:10:48'),
(548, 40, 138, 145, 161, '/images/products/6d451f56-ccc4-4929-91d0.jpeg', '2021-05-11 18:10:48'),
(549, 40, 138, 145, 161, '/images/products/4b0ccaa9-624b-4902-84aa.jpeg', '2021-05-11 18:10:48'),
(550, 40, 138, 145, 161, '/images/products/9b53ef96-6013-440e-b301.jpeg', '2021-05-11 18:10:48'),
(551, 40, 138, 145, 161, '/images/products/b2ae5a79-9228-49fc-880a.jpeg', '2021-05-11 18:10:48'),
(552, 40, 138, 145, 161, '/images/products/820f2e13-e488-4f40-b7ca.jpeg', '2021-05-11 18:10:48'),
(553, 40, 138, 145, 161, '/images/products/1fdaf3ed-5c20-4758-af1e.jpeg', '2021-05-11 18:10:48'),
(554, 40, 138, 145, 161, '/images/products/ca12e41e-447b-43c0-a319.jpeg', '2021-05-11 18:10:48'),
(555, 40, 138, 145, 161, '/images/products/d39c0df4-d974-4cf9-b0ba.jpeg', '2021-05-11 18:10:48');
INSERT INTO `images` (`id`, `productid`, `mainCategoryId`, `categoryId`, `subCategoryId`, `productListImage`, `createdDate`) VALUES
(556, 40, 138, 145, 161, '/images/products/247b0078-f8b5-4844-b6fd.jpeg', '2021-05-11 18:10:48'),
(557, 40, 138, 145, 161, '/images/products/d181b999-ed96-4291-9250.jpeg', '2021-05-11 18:10:48'),
(558, 40, 138, 145, 161, '/images/products/600f83dd-067e-4452-8ec3.jpeg', '2021-05-11 18:10:48'),
(559, 40, 138, 145, 161, '/images/products/6dc07f7d-be45-4163-903e.jpeg', '2021-05-11 18:10:48'),
(560, 40, 138, 145, 161, '/images/products/70a1a66f-39e0-4120-844e.jpeg', '2021-05-11 18:10:49'),
(561, 40, 138, 145, 161, '/images/products/69605fd6-692c-4ef7-8d7d.jpeg', '2021-05-11 18:10:49'),
(562, 40, 138, 145, 161, '/images/products/6c3100d2-a02b-4eb7-a883.jpeg', '2021-05-11 18:10:49'),
(563, 40, 138, 145, 161, '/images/products/7e2ffecd-79c9-4842-bea2.jpeg', '2021-05-11 18:10:49'),
(564, 40, 138, 145, 161, '/images/products/18f197c3-43e5-4186-a131.jpeg', '2021-05-11 18:10:49'),
(565, 40, 138, 145, 161, '/images/products/09236fca-d851-49c7-ad52.jpeg', '2021-05-11 18:10:49'),
(566, 40, 138, 145, 161, '/images/products/97feaeb6-7fa1-43c1-a897.jpeg', '2021-05-11 18:10:49'),
(567, 40, 138, 145, 161, '/images/products/c79f8c40-68d7-4724-9204.jpeg', '2021-05-11 18:10:49'),
(568, 40, 138, 145, 161, '/images/products/c87c2389-edb7-425f-981a.jpeg', '2021-05-11 18:10:49'),
(569, 40, 138, 145, 161, '/images/products/1ffc0d7a-cbdc-41c3-88c2.jpeg', '2021-05-11 18:10:49'),
(570, 40, 138, 145, 161, '/images/products/6d451f56-ccc4-4929-91d0.jpeg', '2021-05-11 18:10:49'),
(571, 40, 138, 145, 161, '/images/products/4b0ccaa9-624b-4902-84aa.jpeg', '2021-05-11 18:10:49'),
(572, 40, 138, 145, 161, '/images/products/9b53ef96-6013-440e-b301.jpeg', '2021-05-11 18:10:49'),
(573, 40, 138, 145, 161, '/images/products/b2ae5a79-9228-49fc-880a.jpeg', '2021-05-11 18:10:49'),
(574, 40, 138, 145, 161, '/images/products/820f2e13-e488-4f40-b7ca.jpeg', '2021-05-11 18:10:49'),
(575, 40, 138, 145, 161, '/images/products/1fdaf3ed-5c20-4758-af1e.jpeg', '2021-05-11 18:10:49'),
(576, 40, 138, 145, 161, '/images/products/ca12e41e-447b-43c0-a319.jpeg', '2021-05-11 18:10:49'),
(577, 40, 138, 145, 161, '/images/products/d39c0df4-d974-4cf9-b0ba.jpeg', '2021-05-11 18:10:49'),
(578, 40, 138, 145, 161, '/images/products/247b0078-f8b5-4844-b6fd.jpeg', '2021-05-11 18:10:49'),
(579, 40, 138, 145, 161, '/images/products/d181b999-ed96-4291-9250.jpeg', '2021-05-11 18:10:49'),
(580, 40, 138, 145, 161, '/images/products/600f83dd-067e-4452-8ec3.jpeg', '2021-05-11 18:10:50'),
(581, 40, 138, 145, 161, '/images/products/6dc07f7d-be45-4163-903e.jpeg', '2021-05-11 18:10:50'),
(582, 40, 138, 145, 161, '/images/products/70a1a66f-39e0-4120-844e.jpeg', '2021-05-11 18:10:50'),
(583, 40, 138, 145, 161, '/images/products/69605fd6-692c-4ef7-8d7d.jpeg', '2021-05-11 18:10:50'),
(584, 40, 138, 145, 161, '/images/products/6c3100d2-a02b-4eb7-a883.jpeg', '2021-05-11 18:10:50'),
(585, 40, 138, 145, 161, '/images/products/7e2ffecd-79c9-4842-bea2.jpeg', '2021-05-11 18:10:50'),
(586, 40, 138, 145, 161, '/images/products/18f197c3-43e5-4186-a131.jpeg', '2021-05-11 18:10:50'),
(587, 40, 138, 145, 161, '/images/products/09236fca-d851-49c7-ad52.jpeg', '2021-05-11 18:10:50'),
(588, 40, 138, 145, 161, '/images/products/97feaeb6-7fa1-43c1-a897.jpeg', '2021-05-11 18:10:50'),
(589, 40, 138, 145, 161, '/images/products/c79f8c40-68d7-4724-9204.jpeg', '2021-05-11 18:10:50'),
(590, 40, 138, 145, 161, '/images/products/c87c2389-edb7-425f-981a.jpeg', '2021-05-11 18:10:50'),
(591, 40, 138, 145, 161, '/images/products/1ffc0d7a-cbdc-41c3-88c2.jpeg', '2021-05-11 18:10:50'),
(592, 40, 138, 145, 161, '/images/products/6d451f56-ccc4-4929-91d0.jpeg', '2021-05-11 18:10:50'),
(593, 40, 138, 145, 161, '/images/products/4b0ccaa9-624b-4902-84aa.jpeg', '2021-05-11 18:10:50'),
(594, 40, 138, 145, 161, '/images/products/9b53ef96-6013-440e-b301.jpeg', '2021-05-11 18:10:50'),
(595, 40, 138, 145, 161, '/images/products/b2ae5a79-9228-49fc-880a.jpeg', '2021-05-11 18:10:50'),
(596, 40, 138, 145, 161, '/images/products/820f2e13-e488-4f40-b7ca.jpeg', '2021-05-11 18:10:50'),
(597, 40, 138, 145, 161, '/images/products/1fdaf3ed-5c20-4758-af1e.jpeg', '2021-05-11 18:10:51'),
(598, 40, 138, 145, 161, '/images/products/ca12e41e-447b-43c0-a319.jpeg', '2021-05-11 18:10:51'),
(599, 40, 138, 145, 161, '/images/products/d39c0df4-d974-4cf9-b0ba.jpeg', '2021-05-11 18:10:51'),
(600, 40, 138, 145, 161, '/images/products/247b0078-f8b5-4844-b6fd.jpeg', '2021-05-11 18:10:51'),
(601, 41, 138, 146, 162, '/images/products/27b8e8e3-1e02-4f42-a07e.jpeg', '2021-05-11 18:26:28'),
(602, 41, 138, 146, 162, '/images/products/6fe28d3b-0b1f-460d-9b49.jpeg', '2021-05-11 18:26:28'),
(603, 42, 138, 146, 162, '/images/products/27b8e8e3-1e02-4f42-a07e.jpeg', '2021-05-11 18:28:12'),
(604, 42, 138, 146, 162, '/images/products/6fe28d3b-0b1f-460d-9b49.jpeg', '2021-05-11 18:28:12'),
(605, 42, 138, 146, 162, '/images/products/719fce90-6a44-42a3-91f4.jpeg', '2021-05-11 18:28:12'),
(606, 42, 138, 146, 162, '/images/products/5dfaddaf-321a-4686-afde.jpeg', '2021-05-11 18:28:12'),
(607, 43, 138, 146, 163, '/images/products/27b8e8e3-1e02-4f42-a07e.jpeg', '2021-05-11 18:30:16'),
(608, 43, 138, 146, 163, '/images/products/6fe28d3b-0b1f-460d-9b49.jpeg', '2021-05-11 18:30:16'),
(609, 43, 138, 146, 163, '/images/products/719fce90-6a44-42a3-91f4.jpeg', '2021-05-11 18:30:16'),
(610, 43, 138, 146, 163, '/images/products/5dfaddaf-321a-4686-afde.jpeg', '2021-05-11 18:30:16'),
(611, 43, 138, 146, 163, '/images/products/cb2f4374-622a-44c2-8d89.jpeg', '2021-05-11 18:30:17'),
(612, 43, 138, 146, 163, '/images/products/f231400c-1241-4120-aff3.jpeg', '2021-05-11 18:30:17'),
(613, 44, 138, 146, 163, '/images/products/27b8e8e3-1e02-4f42-a07e.jpeg', '2021-05-11 18:31:25'),
(614, 44, 138, 146, 163, '/images/products/6fe28d3b-0b1f-460d-9b49.jpeg', '2021-05-11 18:31:25'),
(615, 44, 138, 146, 163, '/images/products/719fce90-6a44-42a3-91f4.jpeg', '2021-05-11 18:31:25'),
(616, 44, 138, 146, 163, '/images/products/5dfaddaf-321a-4686-afde.jpeg', '2021-05-11 18:31:25'),
(617, 44, 138, 146, 163, '/images/products/cb2f4374-622a-44c2-8d89.jpeg', '2021-05-11 18:31:25'),
(618, 44, 138, 146, 163, '/images/products/f231400c-1241-4120-aff3.jpeg', '2021-05-11 18:31:25'),
(619, 44, 138, 146, 163, '/images/products/1496ef8f-27d9-49f9-a7f2.jpeg', '2021-05-11 18:31:25'),
(620, 44, 138, 146, 163, '/images/products/20f592f5-3a9f-4890-a934.jpeg', '2021-05-11 18:31:25'),
(621, 45, 138, 146, 163, '/images/products/27b8e8e3-1e02-4f42-a07e.jpeg', '2021-05-11 18:32:39'),
(622, 45, 138, 146, 163, '/images/products/6fe28d3b-0b1f-460d-9b49.jpeg', '2021-05-11 18:32:39'),
(623, 45, 138, 146, 163, '/images/products/719fce90-6a44-42a3-91f4.jpeg', '2021-05-11 18:32:39'),
(624, 45, 138, 146, 163, '/images/products/5dfaddaf-321a-4686-afde.jpeg', '2021-05-11 18:32:39'),
(625, 45, 138, 146, 163, '/images/products/cb2f4374-622a-44c2-8d89.jpeg', '2021-05-11 18:32:39'),
(626, 45, 138, 146, 163, '/images/products/f231400c-1241-4120-aff3.jpeg', '2021-05-11 18:32:40'),
(627, 45, 138, 146, 163, '/images/products/1496ef8f-27d9-49f9-a7f2.jpeg', '2021-05-11 18:32:40'),
(628, 45, 138, 146, 163, '/images/products/20f592f5-3a9f-4890-a934.jpeg', '2021-05-11 18:32:40'),
(629, 46, 138, 146, 163, '/images/products/27b8e8e3-1e02-4f42-a07e.jpeg', '2021-05-11 18:34:44'),
(630, 46, 138, 146, 163, '/images/products/6fe28d3b-0b1f-460d-9b49.jpeg', '2021-05-11 18:34:44'),
(631, 46, 138, 146, 163, '/images/products/719fce90-6a44-42a3-91f4.jpeg', '2021-05-11 18:34:44'),
(632, 46, 138, 146, 163, '/images/products/5dfaddaf-321a-4686-afde.jpeg', '2021-05-11 18:34:44'),
(633, 46, 138, 146, 163, '/images/products/cb2f4374-622a-44c2-8d89.jpeg', '2021-05-11 18:34:44'),
(634, 46, 138, 146, 163, '/images/products/f231400c-1241-4120-aff3.jpeg', '2021-05-11 18:34:44'),
(635, 46, 138, 146, 163, '/images/products/1496ef8f-27d9-49f9-a7f2.jpeg', '2021-05-11 18:34:44'),
(636, 46, 138, 146, 163, '/images/products/20f592f5-3a9f-4890-a934.jpeg', '2021-05-11 18:34:44'),
(637, 46, 138, 146, 163, '/images/products/6443ba34-ad15-45fd-8724.jpeg', '2021-05-11 18:34:44'),
(638, 46, 138, 146, 163, '/images/products/f51c9c85-f7ee-483f-88bd.jpeg', '2021-05-11 18:34:45'),
(639, 46, 138, 146, 163, '/images/products/85901fd6-6966-4539-97f7.jpeg', '2021-05-11 18:34:45'),
(640, 47, 138, 146, 163, '/images/products/27b8e8e3-1e02-4f42-a07e.jpeg', '2021-05-11 18:36:03'),
(641, 47, 138, 146, 163, '/images/products/6fe28d3b-0b1f-460d-9b49.jpeg', '2021-05-11 18:36:03'),
(642, 47, 138, 146, 163, '/images/products/719fce90-6a44-42a3-91f4.jpeg', '2021-05-11 18:36:03'),
(643, 47, 138, 146, 163, '/images/products/5dfaddaf-321a-4686-afde.jpeg', '2021-05-11 18:36:03'),
(644, 47, 138, 146, 163, '/images/products/cb2f4374-622a-44c2-8d89.jpeg', '2021-05-11 18:36:03'),
(645, 47, 138, 146, 163, '/images/products/f231400c-1241-4120-aff3.jpeg', '2021-05-11 18:36:03'),
(646, 47, 138, 146, 163, '/images/products/1496ef8f-27d9-49f9-a7f2.jpeg', '2021-05-11 18:36:03'),
(647, 47, 138, 146, 163, '/images/products/20f592f5-3a9f-4890-a934.jpeg', '2021-05-11 18:36:03'),
(648, 47, 138, 146, 163, '/images/products/6443ba34-ad15-45fd-8724.jpeg', '2021-05-11 18:36:03'),
(649, 47, 138, 146, 163, '/images/products/f51c9c85-f7ee-483f-88bd.jpeg', '2021-05-11 18:36:03'),
(650, 47, 138, 146, 163, '/images/products/85901fd6-6966-4539-97f7.jpeg', '2021-05-11 18:36:03'),
(651, 47, 138, 146, 163, '/images/products/71b5dc73-32df-4fcb-bf9d.jpeg', '2021-05-11 18:36:03'),
(652, 47, 138, 146, 163, '/images/products/461d0772-a418-44a5-a879.jpeg', '2021-05-11 18:36:03'),
(653, 48, 138, 146, 163, '/images/products/27b8e8e3-1e02-4f42-a07e.jpeg', '2021-05-11 18:37:55'),
(654, 48, 138, 146, 163, '/images/products/6fe28d3b-0b1f-460d-9b49.jpeg', '2021-05-11 18:37:55'),
(655, 48, 138, 146, 163, '/images/products/719fce90-6a44-42a3-91f4.jpeg', '2021-05-11 18:37:55'),
(656, 48, 138, 146, 163, '/images/products/5dfaddaf-321a-4686-afde.jpeg', '2021-05-11 18:37:55'),
(657, 48, 138, 146, 163, '/images/products/cb2f4374-622a-44c2-8d89.jpeg', '2021-05-11 18:37:55'),
(658, 48, 138, 146, 163, '/images/products/f231400c-1241-4120-aff3.jpeg', '2021-05-11 18:37:55'),
(659, 48, 138, 146, 163, '/images/products/1496ef8f-27d9-49f9-a7f2.jpeg', '2021-05-11 18:37:55'),
(660, 48, 138, 146, 163, '/images/products/20f592f5-3a9f-4890-a934.jpeg', '2021-05-11 18:37:55'),
(661, 48, 138, 146, 163, '/images/products/6443ba34-ad15-45fd-8724.jpeg', '2021-05-11 18:37:55'),
(662, 48, 138, 146, 163, '/images/products/f51c9c85-f7ee-483f-88bd.jpeg', '2021-05-11 18:37:55'),
(663, 48, 138, 146, 163, '/images/products/85901fd6-6966-4539-97f7.jpeg', '2021-05-11 18:37:55'),
(664, 48, 138, 146, 163, '/images/products/71b5dc73-32df-4fcb-bf9d.jpeg', '2021-05-11 18:37:55'),
(665, 48, 138, 146, 163, '/images/products/461d0772-a418-44a5-a879.jpeg', '2021-05-11 18:37:55'),
(666, 49, 138, 146, 164, '/images/products/27b8e8e3-1e02-4f42-a07e.jpeg', '2021-05-11 18:42:38'),
(667, 49, 138, 146, 164, '/images/products/6fe28d3b-0b1f-460d-9b49.jpeg', '2021-05-11 18:42:38'),
(668, 49, 138, 146, 164, '/images/products/719fce90-6a44-42a3-91f4.jpeg', '2021-05-11 18:42:38'),
(669, 49, 138, 146, 164, '/images/products/5dfaddaf-321a-4686-afde.jpeg', '2021-05-11 18:42:38'),
(670, 49, 138, 146, 164, '/images/products/cb2f4374-622a-44c2-8d89.jpeg', '2021-05-11 18:42:38'),
(671, 49, 138, 146, 164, '/images/products/f231400c-1241-4120-aff3.jpeg', '2021-05-11 18:42:38'),
(672, 49, 138, 146, 164, '/images/products/1496ef8f-27d9-49f9-a7f2.jpeg', '2021-05-11 18:42:38'),
(673, 49, 138, 146, 164, '/images/products/20f592f5-3a9f-4890-a934.jpeg', '2021-05-11 18:42:38'),
(674, 49, 138, 146, 164, '/images/products/6443ba34-ad15-45fd-8724.jpeg', '2021-05-11 18:42:38'),
(675, 49, 138, 146, 164, '/images/products/f51c9c85-f7ee-483f-88bd.jpeg', '2021-05-11 18:42:38'),
(676, 49, 138, 146, 164, '/images/products/85901fd6-6966-4539-97f7.jpeg', '2021-05-11 18:42:39'),
(677, 49, 138, 146, 164, '/images/products/71b5dc73-32df-4fcb-bf9d.jpeg', '2021-05-11 18:42:39'),
(678, 49, 138, 146, 164, '/images/products/461d0772-a418-44a5-a879.jpeg', '2021-05-11 18:42:39'),
(679, 49, 138, 146, 164, '/images/products/750bddc5-fad5-43c3-b3ba.jpeg', '2021-05-11 18:42:39'),
(680, 49, 138, 146, 164, '/images/products/877ca2ee-d84c-4275-9986.jpeg', '2021-05-11 18:42:39'),
(681, 50, 138, 146, 164, '/images/products/27b8e8e3-1e02-4f42-a07e.jpeg', '2021-05-11 18:43:53'),
(682, 50, 138, 146, 164, '/images/products/6fe28d3b-0b1f-460d-9b49.jpeg', '2021-05-11 18:43:53'),
(683, 50, 138, 146, 164, '/images/products/719fce90-6a44-42a3-91f4.jpeg', '2021-05-11 18:43:53'),
(684, 50, 138, 146, 164, '/images/products/5dfaddaf-321a-4686-afde.jpeg', '2021-05-11 18:43:53'),
(685, 50, 138, 146, 164, '/images/products/cb2f4374-622a-44c2-8d89.jpeg', '2021-05-11 18:43:53'),
(686, 50, 138, 146, 164, '/images/products/f231400c-1241-4120-aff3.jpeg', '2021-05-11 18:43:53'),
(687, 50, 138, 146, 164, '/images/products/1496ef8f-27d9-49f9-a7f2.jpeg', '2021-05-11 18:43:53'),
(688, 50, 138, 146, 164, '/images/products/20f592f5-3a9f-4890-a934.jpeg', '2021-05-11 18:43:53'),
(689, 50, 138, 146, 164, '/images/products/6443ba34-ad15-45fd-8724.jpeg', '2021-05-11 18:43:54'),
(690, 50, 138, 146, 164, '/images/products/f51c9c85-f7ee-483f-88bd.jpeg', '2021-05-11 18:43:54'),
(691, 50, 138, 146, 164, '/images/products/85901fd6-6966-4539-97f7.jpeg', '2021-05-11 18:43:54'),
(692, 50, 138, 146, 164, '/images/products/71b5dc73-32df-4fcb-bf9d.jpeg', '2021-05-11 18:43:54'),
(693, 50, 138, 146, 164, '/images/products/461d0772-a418-44a5-a879.jpeg', '2021-05-11 18:43:54'),
(694, 50, 138, 146, 164, '/images/products/750bddc5-fad5-43c3-b3ba.jpeg', '2021-05-11 18:43:54'),
(695, 50, 138, 146, 164, '/images/products/877ca2ee-d84c-4275-9986.jpeg', '2021-05-11 18:43:54'),
(696, 50, 138, 146, 164, '/images/products/7286706c-1636-47c1-8fe1.jpeg', '2021-05-11 18:43:54'),
(697, 50, 138, 146, 164, '/images/products/d2b5962a-3638-46eb-bb48.jpeg', '2021-05-11 18:43:54'),
(698, 51, 138, 147, NULL, '/images/products/c663598b-f31a-4611-8243.jpeg', '2021-05-11 18:50:19'),
(699, 51, 138, 147, NULL, '/images/products/5911b921-0f24-48c4-a034.jpeg', '2021-05-11 18:50:19'),
(700, 51, 138, 147, NULL, '/images/products/c663598b-f31a-4611-8243.jpeg', '2021-05-11 18:50:19'),
(701, 51, 138, 147, NULL, '/images/products/5911b921-0f24-48c4-a034.jpeg', '2021-05-11 18:50:19'),
(702, 51, 138, 147, NULL, '/images/products/c663598b-f31a-4611-8243.jpeg', '2021-05-11 18:50:19'),
(703, 51, 138, 147, NULL, '/images/products/5911b921-0f24-48c4-a034.jpeg', '2021-05-11 18:50:19'),
(704, 51, 138, 147, NULL, '/images/products/c663598b-f31a-4611-8243.jpeg', '2021-05-11 18:50:19'),
(705, 51, 138, 147, NULL, '/images/products/5911b921-0f24-48c4-a034.jpeg', '2021-05-11 18:50:19'),
(706, 51, 138, 147, NULL, '/images/products/c663598b-f31a-4611-8243.jpeg', '2021-05-11 18:50:19'),
(707, 51, 138, 147, NULL, '/images/products/5911b921-0f24-48c4-a034.jpeg', '2021-05-11 18:50:19'),
(708, 52, 138, 147, NULL, '/images/products/c663598b-f31a-4611-8243.jpeg', '2021-05-11 18:51:43'),
(709, 52, 138, 147, NULL, '/images/products/5911b921-0f24-48c4-a034.jpeg', '2021-05-11 18:51:43'),
(710, 52, 138, 147, NULL, '/images/products/90637dd7-a1a0-4852-a312.jpeg', '2021-05-11 18:51:43'),
(711, 52, 138, 147, NULL, '/images/products/6302fdc5-ef2b-45a0-b46c.jpeg', '2021-05-11 18:51:43'),
(712, 52, 138, 147, NULL, '/images/products/c663598b-f31a-4611-8243.jpeg', '2021-05-11 18:51:43'),
(713, 52, 138, 147, NULL, '/images/products/5911b921-0f24-48c4-a034.jpeg', '2021-05-11 18:51:43'),
(714, 52, 138, 147, NULL, '/images/products/90637dd7-a1a0-4852-a312.jpeg', '2021-05-11 18:51:43'),
(715, 52, 138, 147, NULL, '/images/products/6302fdc5-ef2b-45a0-b46c.jpeg', '2021-05-11 18:51:43'),
(716, 52, 138, 147, NULL, '/images/products/c663598b-f31a-4611-8243.jpeg', '2021-05-11 18:51:44'),
(717, 52, 138, 147, NULL, '/images/products/5911b921-0f24-48c4-a034.jpeg', '2021-05-11 18:51:44'),
(718, 52, 138, 147, NULL, '/images/products/90637dd7-a1a0-4852-a312.jpeg', '2021-05-11 18:51:44'),
(719, 52, 138, 147, NULL, '/images/products/6302fdc5-ef2b-45a0-b46c.jpeg', '2021-05-11 18:51:44'),
(720, 52, 138, 147, NULL, '/images/products/c663598b-f31a-4611-8243.jpeg', '2021-05-11 18:51:44'),
(721, 52, 138, 147, NULL, '/images/products/5911b921-0f24-48c4-a034.jpeg', '2021-05-11 18:51:44'),
(722, 52, 138, 147, NULL, '/images/products/90637dd7-a1a0-4852-a312.jpeg', '2021-05-11 18:51:44'),
(723, 52, 138, 147, NULL, '/images/products/6302fdc5-ef2b-45a0-b46c.jpeg', '2021-05-11 18:51:44'),
(724, 52, 138, 147, NULL, '/images/products/c663598b-f31a-4611-8243.jpeg', '2021-05-11 18:51:44'),
(725, 52, 138, 147, NULL, '/images/products/5911b921-0f24-48c4-a034.jpeg', '2021-05-11 18:51:44'),
(726, 52, 138, 147, NULL, '/images/products/90637dd7-a1a0-4852-a312.jpeg', '2021-05-11 18:51:44'),
(727, 52, 138, 147, NULL, '/images/products/6302fdc5-ef2b-45a0-b46c.jpeg', '2021-05-11 18:51:44'),
(728, 53, 138, 147, NULL, '/images/products/c663598b-f31a-4611-8243.jpeg', '2021-05-11 18:53:16'),
(729, 53, 138, 147, NULL, '/images/products/5911b921-0f24-48c4-a034.jpeg', '2021-05-11 18:53:16'),
(730, 53, 138, 147, NULL, '/images/products/90637dd7-a1a0-4852-a312.jpeg', '2021-05-11 18:53:16'),
(731, 53, 138, 147, NULL, '/images/products/6302fdc5-ef2b-45a0-b46c.jpeg', '2021-05-11 18:53:16'),
(732, 53, 138, 147, NULL, '/images/products/82e954c9-0877-4d8d-b7c6.jpeg', '2021-05-11 18:53:16'),
(733, 53, 138, 147, NULL, '/images/products/e4825f35-9066-4025-8777.jpeg', '2021-05-11 18:53:16'),
(734, 53, 138, 147, NULL, '/images/products/c663598b-f31a-4611-8243.jpeg', '2021-05-11 18:53:16'),
(735, 53, 138, 147, NULL, '/images/products/5911b921-0f24-48c4-a034.jpeg', '2021-05-11 18:53:16'),
(736, 53, 138, 147, NULL, '/images/products/90637dd7-a1a0-4852-a312.jpeg', '2021-05-11 18:53:16'),
(737, 53, 138, 147, NULL, '/images/products/6302fdc5-ef2b-45a0-b46c.jpeg', '2021-05-11 18:53:16'),
(738, 53, 138, 147, NULL, '/images/products/82e954c9-0877-4d8d-b7c6.jpeg', '2021-05-11 18:53:16'),
(739, 53, 138, 147, NULL, '/images/products/e4825f35-9066-4025-8777.jpeg', '2021-05-11 18:53:16'),
(740, 53, 138, 147, NULL, '/images/products/c663598b-f31a-4611-8243.jpeg', '2021-05-11 18:53:16'),
(741, 53, 138, 147, NULL, '/images/products/5911b921-0f24-48c4-a034.jpeg', '2021-05-11 18:53:16'),
(742, 53, 138, 147, NULL, '/images/products/90637dd7-a1a0-4852-a312.jpeg', '2021-05-11 18:53:16'),
(743, 53, 138, 147, NULL, '/images/products/6302fdc5-ef2b-45a0-b46c.jpeg', '2021-05-11 18:53:16'),
(744, 53, 138, 147, NULL, '/images/products/82e954c9-0877-4d8d-b7c6.jpeg', '2021-05-11 18:53:16'),
(745, 53, 138, 147, NULL, '/images/products/e4825f35-9066-4025-8777.jpeg', '2021-05-11 18:53:16'),
(746, 53, 138, 147, NULL, '/images/products/c663598b-f31a-4611-8243.jpeg', '2021-05-11 18:53:17'),
(747, 53, 138, 147, NULL, '/images/products/5911b921-0f24-48c4-a034.jpeg', '2021-05-11 18:53:17'),
(748, 53, 138, 147, NULL, '/images/products/90637dd7-a1a0-4852-a312.jpeg', '2021-05-11 18:53:17'),
(749, 53, 138, 147, NULL, '/images/products/6302fdc5-ef2b-45a0-b46c.jpeg', '2021-05-11 18:53:17'),
(750, 53, 138, 147, NULL, '/images/products/82e954c9-0877-4d8d-b7c6.jpeg', '2021-05-11 18:53:17'),
(751, 53, 138, 147, NULL, '/images/products/e4825f35-9066-4025-8777.jpeg', '2021-05-11 18:53:17'),
(752, 53, 138, 147, NULL, '/images/products/c663598b-f31a-4611-8243.jpeg', '2021-05-11 18:53:17'),
(753, 53, 138, 147, NULL, '/images/products/5911b921-0f24-48c4-a034.jpeg', '2021-05-11 18:53:17'),
(754, 53, 138, 147, NULL, '/images/products/90637dd7-a1a0-4852-a312.jpeg', '2021-05-11 18:53:17'),
(755, 53, 138, 147, NULL, '/images/products/6302fdc5-ef2b-45a0-b46c.jpeg', '2021-05-11 18:53:17'),
(756, 53, 138, 147, NULL, '/images/products/82e954c9-0877-4d8d-b7c6.jpeg', '2021-05-11 18:53:17'),
(757, 53, 138, 147, NULL, '/images/products/e4825f35-9066-4025-8777.jpeg', '2021-05-11 18:53:17'),
(758, 54, 138, 147, NULL, '/images/products/c663598b-f31a-4611-8243.jpeg', '2021-05-11 18:54:40'),
(759, 54, 138, 147, NULL, '/images/products/5911b921-0f24-48c4-a034.jpeg', '2021-05-11 18:54:40'),
(760, 54, 138, 147, NULL, '/images/products/90637dd7-a1a0-4852-a312.jpeg', '2021-05-11 18:54:40'),
(761, 54, 138, 147, NULL, '/images/products/6302fdc5-ef2b-45a0-b46c.jpeg', '2021-05-11 18:54:40'),
(762, 54, 138, 147, NULL, '/images/products/82e954c9-0877-4d8d-b7c6.jpeg', '2021-05-11 18:54:40'),
(763, 54, 138, 147, NULL, '/images/products/e4825f35-9066-4025-8777.jpeg', '2021-05-11 18:54:41'),
(764, 54, 138, 147, NULL, '/images/products/04001ab0-b231-4299-b291.jpeg', '2021-05-11 18:54:41'),
(765, 54, 138, 147, NULL, '/images/products/4ce81c1f-4347-42bb-a3c5.jpeg', '2021-05-11 18:54:41'),
(766, 54, 138, 147, NULL, '/images/products/c663598b-f31a-4611-8243.jpeg', '2021-05-11 18:54:41'),
(767, 54, 138, 147, NULL, '/images/products/5911b921-0f24-48c4-a034.jpeg', '2021-05-11 18:54:41'),
(768, 54, 138, 147, NULL, '/images/products/90637dd7-a1a0-4852-a312.jpeg', '2021-05-11 18:54:41'),
(769, 54, 138, 147, NULL, '/images/products/6302fdc5-ef2b-45a0-b46c.jpeg', '2021-05-11 18:54:41'),
(770, 54, 138, 147, NULL, '/images/products/82e954c9-0877-4d8d-b7c6.jpeg', '2021-05-11 18:54:41'),
(771, 54, 138, 147, NULL, '/images/products/e4825f35-9066-4025-8777.jpeg', '2021-05-11 18:54:41'),
(772, 54, 138, 147, NULL, '/images/products/04001ab0-b231-4299-b291.jpeg', '2021-05-11 18:54:41'),
(773, 54, 138, 147, NULL, '/images/products/4ce81c1f-4347-42bb-a3c5.jpeg', '2021-05-11 18:54:41'),
(774, 54, 138, 147, NULL, '/images/products/c663598b-f31a-4611-8243.jpeg', '2021-05-11 18:54:41'),
(775, 54, 138, 147, NULL, '/images/products/5911b921-0f24-48c4-a034.jpeg', '2021-05-11 18:54:41'),
(776, 54, 138, 147, NULL, '/images/products/90637dd7-a1a0-4852-a312.jpeg', '2021-05-11 18:54:41'),
(777, 54, 138, 147, NULL, '/images/products/6302fdc5-ef2b-45a0-b46c.jpeg', '2021-05-11 18:54:41'),
(778, 54, 138, 147, NULL, '/images/products/82e954c9-0877-4d8d-b7c6.jpeg', '2021-05-11 18:54:41'),
(779, 54, 138, 147, NULL, '/images/products/e4825f35-9066-4025-8777.jpeg', '2021-05-11 18:54:41'),
(780, 54, 138, 147, NULL, '/images/products/04001ab0-b231-4299-b291.jpeg', '2021-05-11 18:54:41'),
(781, 54, 138, 147, NULL, '/images/products/4ce81c1f-4347-42bb-a3c5.jpeg', '2021-05-11 18:54:41'),
(782, 54, 138, 147, NULL, '/images/products/c663598b-f31a-4611-8243.jpeg', '2021-05-11 18:54:41'),
(783, 54, 138, 147, NULL, '/images/products/5911b921-0f24-48c4-a034.jpeg', '2021-05-11 18:54:41'),
(784, 54, 138, 147, NULL, '/images/products/90637dd7-a1a0-4852-a312.jpeg', '2021-05-11 18:54:41'),
(785, 54, 138, 147, NULL, '/images/products/6302fdc5-ef2b-45a0-b46c.jpeg', '2021-05-11 18:54:41'),
(786, 54, 138, 147, NULL, '/images/products/82e954c9-0877-4d8d-b7c6.jpeg', '2021-05-11 18:54:41'),
(787, 54, 138, 147, NULL, '/images/products/e4825f35-9066-4025-8777.jpeg', '2021-05-11 18:54:41'),
(788, 54, 138, 147, NULL, '/images/products/04001ab0-b231-4299-b291.jpeg', '2021-05-11 18:54:41'),
(789, 54, 138, 147, NULL, '/images/products/4ce81c1f-4347-42bb-a3c5.jpeg', '2021-05-11 18:54:42'),
(790, 55, 138, 148, NULL, '/images/products/c663598b-f31a-4611-8243.jpeg', '2021-05-11 18:56:27'),
(791, 55, 138, 148, NULL, '/images/products/5911b921-0f24-48c4-a034.jpeg', '2021-05-11 18:56:27'),
(792, 55, 138, 148, NULL, '/images/products/90637dd7-a1a0-4852-a312.jpeg', '2021-05-11 18:56:27'),
(793, 55, 138, 148, NULL, '/images/products/6302fdc5-ef2b-45a0-b46c.jpeg', '2021-05-11 18:56:27'),
(794, 55, 138, 148, NULL, '/images/products/82e954c9-0877-4d8d-b7c6.jpeg', '2021-05-11 18:56:27'),
(795, 55, 138, 148, NULL, '/images/products/e4825f35-9066-4025-8777.jpeg', '2021-05-11 18:56:27'),
(796, 55, 138, 148, NULL, '/images/products/04001ab0-b231-4299-b291.jpeg', '2021-05-11 18:56:27'),
(797, 55, 138, 148, NULL, '/images/products/4ce81c1f-4347-42bb-a3c5.jpeg', '2021-05-11 18:56:27'),
(798, 55, 138, 148, NULL, '/images/products/b65fda1d-d841-451b-9c30.jpeg', '2021-05-11 18:56:27'),
(799, 55, 138, 148, NULL, '/images/products/029be784-2e06-4865-8a25.jpeg', '2021-05-11 18:56:27'),
(800, 55, 138, 148, NULL, '/images/products/c663598b-f31a-4611-8243.jpeg', '2021-05-11 18:56:27'),
(801, 55, 138, 148, NULL, '/images/products/5911b921-0f24-48c4-a034.jpeg', '2021-05-11 18:56:27'),
(802, 55, 138, 148, NULL, '/images/products/90637dd7-a1a0-4852-a312.jpeg', '2021-05-11 18:56:27'),
(803, 55, 138, 148, NULL, '/images/products/6302fdc5-ef2b-45a0-b46c.jpeg', '2021-05-11 18:56:27'),
(804, 55, 138, 148, NULL, '/images/products/82e954c9-0877-4d8d-b7c6.jpeg', '2021-05-11 18:56:27'),
(805, 55, 138, 148, NULL, '/images/products/e4825f35-9066-4025-8777.jpeg', '2021-05-11 18:56:27'),
(806, 55, 138, 148, NULL, '/images/products/04001ab0-b231-4299-b291.jpeg', '2021-05-11 18:56:27'),
(807, 55, 138, 148, NULL, '/images/products/4ce81c1f-4347-42bb-a3c5.jpeg', '2021-05-11 18:56:27'),
(808, 55, 138, 148, NULL, '/images/products/b65fda1d-d841-451b-9c30.jpeg', '2021-05-11 18:56:27'),
(809, 55, 138, 148, NULL, '/images/products/029be784-2e06-4865-8a25.jpeg', '2021-05-11 18:56:27'),
(810, 55, 138, 148, NULL, '/images/products/c663598b-f31a-4611-8243.jpeg', '2021-05-11 18:56:27'),
(811, 55, 138, 148, NULL, '/images/products/5911b921-0f24-48c4-a034.jpeg', '2021-05-11 18:56:28'),
(812, 55, 138, 148, NULL, '/images/products/90637dd7-a1a0-4852-a312.jpeg', '2021-05-11 18:56:28'),
(813, 55, 138, 148, NULL, '/images/products/6302fdc5-ef2b-45a0-b46c.jpeg', '2021-05-11 18:56:28'),
(814, 55, 138, 148, NULL, '/images/products/82e954c9-0877-4d8d-b7c6.jpeg', '2021-05-11 18:56:28'),
(815, 55, 138, 148, NULL, '/images/products/e4825f35-9066-4025-8777.jpeg', '2021-05-11 18:56:28'),
(816, 55, 138, 148, NULL, '/images/products/04001ab0-b231-4299-b291.jpeg', '2021-05-11 18:56:28'),
(817, 55, 138, 148, NULL, '/images/products/4ce81c1f-4347-42bb-a3c5.jpeg', '2021-05-11 18:56:28'),
(818, 55, 138, 148, NULL, '/images/products/b65fda1d-d841-451b-9c30.jpeg', '2021-05-11 18:56:28'),
(819, 55, 138, 148, NULL, '/images/products/029be784-2e06-4865-8a25.jpeg', '2021-05-11 18:56:28'),
(820, 55, 138, 148, NULL, '/images/products/c663598b-f31a-4611-8243.jpeg', '2021-05-11 18:56:28'),
(821, 55, 138, 148, NULL, '/images/products/5911b921-0f24-48c4-a034.jpeg', '2021-05-11 18:56:28'),
(822, 55, 138, 148, NULL, '/images/products/90637dd7-a1a0-4852-a312.jpeg', '2021-05-11 18:56:28'),
(823, 55, 138, 148, NULL, '/images/products/6302fdc5-ef2b-45a0-b46c.jpeg', '2021-05-11 18:56:28'),
(824, 55, 138, 148, NULL, '/images/products/82e954c9-0877-4d8d-b7c6.jpeg', '2021-05-11 18:56:28'),
(825, 55, 138, 148, NULL, '/images/products/e4825f35-9066-4025-8777.jpeg', '2021-05-11 18:56:28'),
(826, 55, 138, 148, NULL, '/images/products/04001ab0-b231-4299-b291.jpeg', '2021-05-11 18:56:28'),
(827, 55, 138, 148, NULL, '/images/products/4ce81c1f-4347-42bb-a3c5.jpeg', '2021-05-11 18:56:28'),
(828, 55, 138, 148, NULL, '/images/products/b65fda1d-d841-451b-9c30.jpeg', '2021-05-11 18:56:28'),
(829, 55, 138, 148, NULL, '/images/products/029be784-2e06-4865-8a25.jpeg', '2021-05-11 18:56:28'),
(830, 56, 138, 148, NULL, '/images/products/c663598b-f31a-4611-8243.jpeg', '2021-05-11 18:57:29'),
(831, 56, 138, 148, NULL, '/images/products/5911b921-0f24-48c4-a034.jpeg', '2021-05-11 18:57:29'),
(832, 56, 138, 148, NULL, '/images/products/90637dd7-a1a0-4852-a312.jpeg', '2021-05-11 18:57:29'),
(833, 56, 138, 148, NULL, '/images/products/6302fdc5-ef2b-45a0-b46c.jpeg', '2021-05-11 18:57:29'),
(834, 56, 138, 148, NULL, '/images/products/82e954c9-0877-4d8d-b7c6.jpeg', '2021-05-11 18:57:29'),
(835, 56, 138, 148, NULL, '/images/products/e4825f35-9066-4025-8777.jpeg', '2021-05-11 18:57:29'),
(836, 56, 138, 148, NULL, '/images/products/04001ab0-b231-4299-b291.jpeg', '2021-05-11 18:57:29'),
(837, 56, 138, 148, NULL, '/images/products/4ce81c1f-4347-42bb-a3c5.jpeg', '2021-05-11 18:57:29'),
(838, 56, 138, 148, NULL, '/images/products/b65fda1d-d841-451b-9c30.jpeg', '2021-05-11 18:57:29'),
(839, 56, 138, 148, NULL, '/images/products/029be784-2e06-4865-8a25.jpeg', '2021-05-11 18:57:29'),
(840, 56, 138, 148, NULL, '/images/products/b4061d63-45a4-41da-8df1.jpeg', '2021-05-11 18:57:29'),
(841, 56, 138, 148, NULL, '/images/products/f0ddb166-06da-454b-bf48.jpeg', '2021-05-11 18:57:29'),
(842, 56, 138, 148, NULL, '/images/products/c663598b-f31a-4611-8243.jpeg', '2021-05-11 18:57:29'),
(843, 56, 138, 148, NULL, '/images/products/5911b921-0f24-48c4-a034.jpeg', '2021-05-11 18:57:29'),
(844, 56, 138, 148, NULL, '/images/products/90637dd7-a1a0-4852-a312.jpeg', '2021-05-11 18:57:29'),
(845, 56, 138, 148, NULL, '/images/products/6302fdc5-ef2b-45a0-b46c.jpeg', '2021-05-11 18:57:29'),
(846, 56, 138, 148, NULL, '/images/products/82e954c9-0877-4d8d-b7c6.jpeg', '2021-05-11 18:57:29'),
(847, 56, 138, 148, NULL, '/images/products/e4825f35-9066-4025-8777.jpeg', '2021-05-11 18:57:29'),
(848, 56, 138, 148, NULL, '/images/products/04001ab0-b231-4299-b291.jpeg', '2021-05-11 18:57:30'),
(849, 56, 138, 148, NULL, '/images/products/4ce81c1f-4347-42bb-a3c5.jpeg', '2021-05-11 18:57:30'),
(850, 56, 138, 148, NULL, '/images/products/b65fda1d-d841-451b-9c30.jpeg', '2021-05-11 18:57:30'),
(851, 56, 138, 148, NULL, '/images/products/029be784-2e06-4865-8a25.jpeg', '2021-05-11 18:57:30'),
(852, 56, 138, 148, NULL, '/images/products/b4061d63-45a4-41da-8df1.jpeg', '2021-05-11 18:57:30'),
(853, 56, 138, 148, NULL, '/images/products/f0ddb166-06da-454b-bf48.jpeg', '2021-05-11 18:57:30'),
(854, 56, 138, 148, NULL, '/images/products/c663598b-f31a-4611-8243.jpeg', '2021-05-11 18:57:30'),
(855, 56, 138, 148, NULL, '/images/products/5911b921-0f24-48c4-a034.jpeg', '2021-05-11 18:57:30'),
(856, 56, 138, 148, NULL, '/images/products/90637dd7-a1a0-4852-a312.jpeg', '2021-05-11 18:57:30'),
(857, 56, 138, 148, NULL, '/images/products/6302fdc5-ef2b-45a0-b46c.jpeg', '2021-05-11 18:57:30'),
(858, 56, 138, 148, NULL, '/images/products/82e954c9-0877-4d8d-b7c6.jpeg', '2021-05-11 18:57:30'),
(859, 56, 138, 148, NULL, '/images/products/e4825f35-9066-4025-8777.jpeg', '2021-05-11 18:57:30'),
(860, 56, 138, 148, NULL, '/images/products/04001ab0-b231-4299-b291.jpeg', '2021-05-11 18:57:30'),
(861, 56, 138, 148, NULL, '/images/products/4ce81c1f-4347-42bb-a3c5.jpeg', '2021-05-11 18:57:30'),
(862, 56, 138, 148, NULL, '/images/products/b65fda1d-d841-451b-9c30.jpeg', '2021-05-11 18:57:30'),
(863, 56, 138, 148, NULL, '/images/products/029be784-2e06-4865-8a25.jpeg', '2021-05-11 18:57:30'),
(864, 56, 138, 148, NULL, '/images/products/b4061d63-45a4-41da-8df1.jpeg', '2021-05-11 18:57:30'),
(865, 56, 138, 148, NULL, '/images/products/f0ddb166-06da-454b-bf48.jpeg', '2021-05-11 18:57:30'),
(866, 56, 138, 148, NULL, '/images/products/c663598b-f31a-4611-8243.jpeg', '2021-05-11 18:57:30'),
(867, 56, 138, 148, NULL, '/images/products/5911b921-0f24-48c4-a034.jpeg', '2021-05-11 18:57:30'),
(868, 56, 138, 148, NULL, '/images/products/90637dd7-a1a0-4852-a312.jpeg', '2021-05-11 18:57:30'),
(869, 56, 138, 148, NULL, '/images/products/6302fdc5-ef2b-45a0-b46c.jpeg', '2021-05-11 18:57:30'),
(870, 56, 138, 148, NULL, '/images/products/82e954c9-0877-4d8d-b7c6.jpeg', '2021-05-11 18:57:30'),
(871, 56, 138, 148, NULL, '/images/products/e4825f35-9066-4025-8777.jpeg', '2021-05-11 18:57:30'),
(872, 56, 138, 148, NULL, '/images/products/04001ab0-b231-4299-b291.jpeg', '2021-05-11 18:57:30'),
(873, 56, 138, 148, NULL, '/images/products/4ce81c1f-4347-42bb-a3c5.jpeg', '2021-05-11 18:57:31'),
(874, 56, 138, 148, NULL, '/images/products/b65fda1d-d841-451b-9c30.jpeg', '2021-05-11 18:57:31'),
(875, 56, 138, 148, NULL, '/images/products/029be784-2e06-4865-8a25.jpeg', '2021-05-11 18:57:31'),
(876, 56, 138, 148, NULL, '/images/products/b4061d63-45a4-41da-8df1.jpeg', '2021-05-11 18:57:31'),
(877, 56, 138, 148, NULL, '/images/products/f0ddb166-06da-454b-bf48.jpeg', '2021-05-11 18:57:31'),
(878, 57, 138, 148, NULL, '/images/products/c663598b-f31a-4611-8243.jpeg', '2021-05-11 18:58:43'),
(879, 57, 138, 148, NULL, '/images/products/5911b921-0f24-48c4-a034.jpeg', '2021-05-11 18:58:43'),
(880, 57, 138, 148, NULL, '/images/products/90637dd7-a1a0-4852-a312.jpeg', '2021-05-11 18:58:43'),
(881, 57, 138, 148, NULL, '/images/products/6302fdc5-ef2b-45a0-b46c.jpeg', '2021-05-11 18:58:43'),
(882, 57, 138, 148, NULL, '/images/products/82e954c9-0877-4d8d-b7c6.jpeg', '2021-05-11 18:58:44'),
(883, 57, 138, 148, NULL, '/images/products/e4825f35-9066-4025-8777.jpeg', '2021-05-11 18:58:44'),
(884, 57, 138, 148, NULL, '/images/products/04001ab0-b231-4299-b291.jpeg', '2021-05-11 18:58:44'),
(885, 57, 138, 148, NULL, '/images/products/4ce81c1f-4347-42bb-a3c5.jpeg', '2021-05-11 18:58:44'),
(886, 57, 138, 148, NULL, '/images/products/b65fda1d-d841-451b-9c30.jpeg', '2021-05-11 18:58:44'),
(887, 57, 138, 148, NULL, '/images/products/029be784-2e06-4865-8a25.jpeg', '2021-05-11 18:58:44'),
(888, 57, 138, 148, NULL, '/images/products/b4061d63-45a4-41da-8df1.jpeg', '2021-05-11 18:58:44'),
(889, 57, 138, 148, NULL, '/images/products/f0ddb166-06da-454b-bf48.jpeg', '2021-05-11 18:58:44'),
(890, 57, 138, 148, NULL, '/images/products/d071450e-0db3-4199-ade7.jpeg', '2021-05-11 18:58:44'),
(891, 57, 138, 148, NULL, '/images/products/6e122230-6525-4c27-897d.jpeg', '2021-05-11 18:58:44'),
(892, 57, 138, 148, NULL, '/images/products/c663598b-f31a-4611-8243.jpeg', '2021-05-11 18:58:44'),
(893, 57, 138, 148, NULL, '/images/products/5911b921-0f24-48c4-a034.jpeg', '2021-05-11 18:58:44'),
(894, 57, 138, 148, NULL, '/images/products/90637dd7-a1a0-4852-a312.jpeg', '2021-05-11 18:58:44'),
(895, 57, 138, 148, NULL, '/images/products/6302fdc5-ef2b-45a0-b46c.jpeg', '2021-05-11 18:58:44'),
(896, 57, 138, 148, NULL, '/images/products/82e954c9-0877-4d8d-b7c6.jpeg', '2021-05-11 18:58:44'),
(897, 57, 138, 148, NULL, '/images/products/e4825f35-9066-4025-8777.jpeg', '2021-05-11 18:58:44'),
(898, 57, 138, 148, NULL, '/images/products/04001ab0-b231-4299-b291.jpeg', '2021-05-11 18:58:44'),
(899, 57, 138, 148, NULL, '/images/products/4ce81c1f-4347-42bb-a3c5.jpeg', '2021-05-11 18:58:44'),
(900, 57, 138, 148, NULL, '/images/products/b65fda1d-d841-451b-9c30.jpeg', '2021-05-11 18:58:44'),
(901, 57, 138, 148, NULL, '/images/products/029be784-2e06-4865-8a25.jpeg', '2021-05-11 18:58:44'),
(902, 57, 138, 148, NULL, '/images/products/b4061d63-45a4-41da-8df1.jpeg', '2021-05-11 18:58:44'),
(903, 57, 138, 148, NULL, '/images/products/f0ddb166-06da-454b-bf48.jpeg', '2021-05-11 18:58:44'),
(904, 57, 138, 148, NULL, '/images/products/d071450e-0db3-4199-ade7.jpeg', '2021-05-11 18:58:44'),
(905, 57, 138, 148, NULL, '/images/products/6e122230-6525-4c27-897d.jpeg', '2021-05-11 18:58:44'),
(906, 57, 138, 148, NULL, '/images/products/c663598b-f31a-4611-8243.jpeg', '2021-05-11 18:58:45'),
(907, 57, 138, 148, NULL, '/images/products/5911b921-0f24-48c4-a034.jpeg', '2021-05-11 18:58:45'),
(908, 57, 138, 148, NULL, '/images/products/90637dd7-a1a0-4852-a312.jpeg', '2021-05-11 18:58:45'),
(909, 57, 138, 148, NULL, '/images/products/6302fdc5-ef2b-45a0-b46c.jpeg', '2021-05-11 18:58:45'),
(910, 57, 138, 148, NULL, '/images/products/82e954c9-0877-4d8d-b7c6.jpeg', '2021-05-11 18:58:45'),
(911, 57, 138, 148, NULL, '/images/products/e4825f35-9066-4025-8777.jpeg', '2021-05-11 18:58:45'),
(912, 57, 138, 148, NULL, '/images/products/04001ab0-b231-4299-b291.jpeg', '2021-05-11 18:58:45'),
(913, 57, 138, 148, NULL, '/images/products/4ce81c1f-4347-42bb-a3c5.jpeg', '2021-05-11 18:58:45'),
(914, 57, 138, 148, NULL, '/images/products/b65fda1d-d841-451b-9c30.jpeg', '2021-05-11 18:58:45'),
(915, 57, 138, 148, NULL, '/images/products/029be784-2e06-4865-8a25.jpeg', '2021-05-11 18:58:45'),
(916, 57, 138, 148, NULL, '/images/products/b4061d63-45a4-41da-8df1.jpeg', '2021-05-11 18:58:45'),
(917, 57, 138, 148, NULL, '/images/products/f0ddb166-06da-454b-bf48.jpeg', '2021-05-11 18:58:45'),
(918, 57, 138, 148, NULL, '/images/products/d071450e-0db3-4199-ade7.jpeg', '2021-05-11 18:58:45'),
(919, 57, 138, 148, NULL, '/images/products/6e122230-6525-4c27-897d.jpeg', '2021-05-11 18:58:45'),
(920, 57, 138, 148, NULL, '/images/products/c663598b-f31a-4611-8243.jpeg', '2021-05-11 18:58:45'),
(921, 57, 138, 148, NULL, '/images/products/5911b921-0f24-48c4-a034.jpeg', '2021-05-11 18:58:45'),
(922, 57, 138, 148, NULL, '/images/products/90637dd7-a1a0-4852-a312.jpeg', '2021-05-11 18:58:45'),
(923, 57, 138, 148, NULL, '/images/products/6302fdc5-ef2b-45a0-b46c.jpeg', '2021-05-11 18:58:45'),
(924, 57, 138, 148, NULL, '/images/products/82e954c9-0877-4d8d-b7c6.jpeg', '2021-05-11 18:58:45'),
(925, 57, 138, 148, NULL, '/images/products/e4825f35-9066-4025-8777.jpeg', '2021-05-11 18:58:45'),
(926, 57, 138, 148, NULL, '/images/products/04001ab0-b231-4299-b291.jpeg', '2021-05-11 18:58:45'),
(927, 57, 138, 148, NULL, '/images/products/4ce81c1f-4347-42bb-a3c5.jpeg', '2021-05-11 18:58:45'),
(928, 57, 138, 148, NULL, '/images/products/b65fda1d-d841-451b-9c30.jpeg', '2021-05-11 18:58:46'),
(929, 57, 138, 148, NULL, '/images/products/029be784-2e06-4865-8a25.jpeg', '2021-05-11 18:58:46'),
(930, 57, 138, 148, NULL, '/images/products/b4061d63-45a4-41da-8df1.jpeg', '2021-05-11 18:58:46'),
(931, 57, 138, 148, NULL, '/images/products/f0ddb166-06da-454b-bf48.jpeg', '2021-05-11 18:58:46'),
(932, 57, 138, 148, NULL, '/images/products/d071450e-0db3-4199-ade7.jpeg', '2021-05-11 18:58:46'),
(933, 57, 138, 148, NULL, '/images/products/6e122230-6525-4c27-897d.jpeg', '2021-05-11 18:58:46'),
(934, 58, 138, 148, NULL, '/images/products/c663598b-f31a-4611-8243.jpeg', '2021-05-11 18:59:43'),
(935, 58, 138, 148, NULL, '/images/products/5911b921-0f24-48c4-a034.jpeg', '2021-05-11 18:59:43'),
(936, 58, 138, 148, NULL, '/images/products/90637dd7-a1a0-4852-a312.jpeg', '2021-05-11 18:59:43'),
(937, 58, 138, 148, NULL, '/images/products/6302fdc5-ef2b-45a0-b46c.jpeg', '2021-05-11 18:59:43'),
(938, 58, 138, 148, NULL, '/images/products/82e954c9-0877-4d8d-b7c6.jpeg', '2021-05-11 18:59:43'),
(939, 58, 138, 148, NULL, '/images/products/e4825f35-9066-4025-8777.jpeg', '2021-05-11 18:59:43'),
(940, 58, 138, 148, NULL, '/images/products/04001ab0-b231-4299-b291.jpeg', '2021-05-11 18:59:43'),
(941, 58, 138, 148, NULL, '/images/products/4ce81c1f-4347-42bb-a3c5.jpeg', '2021-05-11 18:59:43'),
(942, 58, 138, 148, NULL, '/images/products/b65fda1d-d841-451b-9c30.jpeg', '2021-05-11 18:59:43'),
(943, 58, 138, 148, NULL, '/images/products/029be784-2e06-4865-8a25.jpeg', '2021-05-11 18:59:43'),
(944, 58, 138, 148, NULL, '/images/products/b4061d63-45a4-41da-8df1.jpeg', '2021-05-11 18:59:44'),
(945, 58, 138, 148, NULL, '/images/products/f0ddb166-06da-454b-bf48.jpeg', '2021-05-11 18:59:44'),
(946, 58, 138, 148, NULL, '/images/products/d071450e-0db3-4199-ade7.jpeg', '2021-05-11 18:59:44'),
(947, 58, 138, 148, NULL, '/images/products/6e122230-6525-4c27-897d.jpeg', '2021-05-11 18:59:44'),
(948, 58, 138, 148, NULL, '/images/products/4c4f2be7-5d0f-4de6-bf4c.jpeg', '2021-05-11 18:59:44'),
(949, 58, 138, 148, NULL, '/images/products/332d5707-d82f-4d66-b79e.jpeg', '2021-05-11 18:59:44'),
(950, 58, 138, 148, NULL, '/images/products/c663598b-f31a-4611-8243.jpeg', '2021-05-11 18:59:44'),
(951, 58, 138, 148, NULL, '/images/products/5911b921-0f24-48c4-a034.jpeg', '2021-05-11 18:59:44'),
(952, 58, 138, 148, NULL, '/images/products/90637dd7-a1a0-4852-a312.jpeg', '2021-05-11 18:59:44'),
(953, 58, 138, 148, NULL, '/images/products/6302fdc5-ef2b-45a0-b46c.jpeg', '2021-05-11 18:59:44'),
(954, 58, 138, 148, NULL, '/images/products/82e954c9-0877-4d8d-b7c6.jpeg', '2021-05-11 18:59:44'),
(955, 58, 138, 148, NULL, '/images/products/e4825f35-9066-4025-8777.jpeg', '2021-05-11 18:59:44'),
(956, 58, 138, 148, NULL, '/images/products/04001ab0-b231-4299-b291.jpeg', '2021-05-11 18:59:44'),
(957, 58, 138, 148, NULL, '/images/products/4ce81c1f-4347-42bb-a3c5.jpeg', '2021-05-11 18:59:44'),
(958, 58, 138, 148, NULL, '/images/products/b65fda1d-d841-451b-9c30.jpeg', '2021-05-11 18:59:44'),
(959, 58, 138, 148, NULL, '/images/products/029be784-2e06-4865-8a25.jpeg', '2021-05-11 18:59:44'),
(960, 58, 138, 148, NULL, '/images/products/b4061d63-45a4-41da-8df1.jpeg', '2021-05-11 18:59:44'),
(961, 58, 138, 148, NULL, '/images/products/f0ddb166-06da-454b-bf48.jpeg', '2021-05-11 18:59:44'),
(962, 58, 138, 148, NULL, '/images/products/d071450e-0db3-4199-ade7.jpeg', '2021-05-11 18:59:44'),
(963, 58, 138, 148, NULL, '/images/products/6e122230-6525-4c27-897d.jpeg', '2021-05-11 18:59:44'),
(964, 58, 138, 148, NULL, '/images/products/4c4f2be7-5d0f-4de6-bf4c.jpeg', '2021-05-11 18:59:44'),
(965, 58, 138, 148, NULL, '/images/products/332d5707-d82f-4d66-b79e.jpeg', '2021-05-11 18:59:44'),
(966, 58, 138, 148, NULL, '/images/products/c663598b-f31a-4611-8243.jpeg', '2021-05-11 18:59:44'),
(967, 58, 138, 148, NULL, '/images/products/5911b921-0f24-48c4-a034.jpeg', '2021-05-11 18:59:44'),
(968, 58, 138, 148, NULL, '/images/products/90637dd7-a1a0-4852-a312.jpeg', '2021-05-11 18:59:44'),
(969, 58, 138, 148, NULL, '/images/products/6302fdc5-ef2b-45a0-b46c.jpeg', '2021-05-11 18:59:44'),
(970, 58, 138, 148, NULL, '/images/products/82e954c9-0877-4d8d-b7c6.jpeg', '2021-05-11 18:59:45'),
(971, 58, 138, 148, NULL, '/images/products/e4825f35-9066-4025-8777.jpeg', '2021-05-11 18:59:45'),
(972, 58, 138, 148, NULL, '/images/products/04001ab0-b231-4299-b291.jpeg', '2021-05-11 18:59:45'),
(973, 58, 138, 148, NULL, '/images/products/4ce81c1f-4347-42bb-a3c5.jpeg', '2021-05-11 18:59:45'),
(974, 58, 138, 148, NULL, '/images/products/b65fda1d-d841-451b-9c30.jpeg', '2021-05-11 18:59:45'),
(975, 58, 138, 148, NULL, '/images/products/029be784-2e06-4865-8a25.jpeg', '2021-05-11 18:59:45'),
(976, 58, 138, 148, NULL, '/images/products/b4061d63-45a4-41da-8df1.jpeg', '2021-05-11 18:59:45'),
(977, 58, 138, 148, NULL, '/images/products/f0ddb166-06da-454b-bf48.jpeg', '2021-05-11 18:59:45'),
(978, 58, 138, 148, NULL, '/images/products/d071450e-0db3-4199-ade7.jpeg', '2021-05-11 18:59:45'),
(979, 58, 138, 148, NULL, '/images/products/6e122230-6525-4c27-897d.jpeg', '2021-05-11 18:59:45'),
(980, 58, 138, 148, NULL, '/images/products/4c4f2be7-5d0f-4de6-bf4c.jpeg', '2021-05-11 18:59:45'),
(981, 58, 138, 148, NULL, '/images/products/332d5707-d82f-4d66-b79e.jpeg', '2021-05-11 18:59:45'),
(982, 58, 138, 148, NULL, '/images/products/c663598b-f31a-4611-8243.jpeg', '2021-05-11 18:59:45'),
(983, 58, 138, 148, NULL, '/images/products/5911b921-0f24-48c4-a034.jpeg', '2021-05-11 18:59:45'),
(984, 58, 138, 148, NULL, '/images/products/90637dd7-a1a0-4852-a312.jpeg', '2021-05-11 18:59:45'),
(985, 58, 138, 148, NULL, '/images/products/6302fdc5-ef2b-45a0-b46c.jpeg', '2021-05-11 18:59:45'),
(986, 58, 138, 148, NULL, '/images/products/82e954c9-0877-4d8d-b7c6.jpeg', '2021-05-11 18:59:45'),
(987, 58, 138, 148, NULL, '/images/products/e4825f35-9066-4025-8777.jpeg', '2021-05-11 18:59:45'),
(988, 58, 138, 148, NULL, '/images/products/04001ab0-b231-4299-b291.jpeg', '2021-05-11 18:59:45'),
(989, 58, 138, 148, NULL, '/images/products/4ce81c1f-4347-42bb-a3c5.jpeg', '2021-05-11 18:59:45'),
(990, 58, 138, 148, NULL, '/images/products/b65fda1d-d841-451b-9c30.jpeg', '2021-05-11 18:59:45'),
(991, 58, 138, 148, NULL, '/images/products/029be784-2e06-4865-8a25.jpeg', '2021-05-11 18:59:45'),
(992, 58, 138, 148, NULL, '/images/products/b4061d63-45a4-41da-8df1.jpeg', '2021-05-11 18:59:45'),
(993, 58, 138, 148, NULL, '/images/products/f0ddb166-06da-454b-bf48.jpeg', '2021-05-11 18:59:45'),
(994, 58, 138, 148, NULL, '/images/products/d071450e-0db3-4199-ade7.jpeg', '2021-05-11 18:59:46'),
(995, 58, 138, 148, NULL, '/images/products/6e122230-6525-4c27-897d.jpeg', '2021-05-11 18:59:46'),
(996, 58, 138, 148, NULL, '/images/products/4c4f2be7-5d0f-4de6-bf4c.jpeg', '2021-05-11 18:59:46'),
(997, 58, 138, 148, NULL, '/images/products/332d5707-d82f-4d66-b79e.jpeg', '2021-05-11 18:59:46'),
(998, 59, 138, 149, NULL, '/images/products/c663598b-f31a-4611-8243.jpeg', '2021-05-11 19:02:25'),
(999, 59, 138, 149, NULL, '/images/products/5911b921-0f24-48c4-a034.jpeg', '2021-05-11 19:02:25'),
(1000, 59, 138, 149, NULL, '/images/products/90637dd7-a1a0-4852-a312.jpeg', '2021-05-11 19:02:25'),
(1001, 59, 138, 149, NULL, '/images/products/6302fdc5-ef2b-45a0-b46c.jpeg', '2021-05-11 19:02:25'),
(1002, 59, 138, 149, NULL, '/images/products/82e954c9-0877-4d8d-b7c6.jpeg', '2021-05-11 19:02:25'),
(1003, 59, 138, 149, NULL, '/images/products/e4825f35-9066-4025-8777.jpeg', '2021-05-11 19:02:25'),
(1004, 59, 138, 149, NULL, '/images/products/04001ab0-b231-4299-b291.jpeg', '2021-05-11 19:02:25'),
(1005, 59, 138, 149, NULL, '/images/products/4ce81c1f-4347-42bb-a3c5.jpeg', '2021-05-11 19:02:25'),
(1006, 59, 138, 149, NULL, '/images/products/b65fda1d-d841-451b-9c30.jpeg', '2021-05-11 19:02:25'),
(1007, 59, 138, 149, NULL, '/images/products/029be784-2e06-4865-8a25.jpeg', '2021-05-11 19:02:25'),
(1008, 59, 138, 149, NULL, '/images/products/b4061d63-45a4-41da-8df1.jpeg', '2021-05-11 19:02:25'),
(1009, 59, 138, 149, NULL, '/images/products/f0ddb166-06da-454b-bf48.jpeg', '2021-05-11 19:02:25'),
(1010, 59, 138, 149, NULL, '/images/products/d071450e-0db3-4199-ade7.jpeg', '2021-05-11 19:02:25'),
(1011, 59, 138, 149, NULL, '/images/products/6e122230-6525-4c27-897d.jpeg', '2021-05-11 19:02:25'),
(1012, 59, 138, 149, NULL, '/images/products/4c4f2be7-5d0f-4de6-bf4c.jpeg', '2021-05-11 19:02:25'),
(1013, 59, 138, 149, NULL, '/images/products/332d5707-d82f-4d66-b79e.jpeg', '2021-05-11 19:02:26'),
(1014, 59, 138, 149, NULL, '/images/products/5947bcf6-1031-485d-b816.jpeg', '2021-05-11 19:02:26'),
(1015, 59, 138, 149, NULL, '/images/products/1375e80d-92a6-44a8-bc58.jpeg', '2021-05-11 19:02:26'),
(1016, 59, 138, 149, NULL, '/images/products/c663598b-f31a-4611-8243.jpeg', '2021-05-11 19:02:26'),
(1017, 59, 138, 149, NULL, '/images/products/5911b921-0f24-48c4-a034.jpeg', '2021-05-11 19:02:26'),
(1018, 59, 138, 149, NULL, '/images/products/90637dd7-a1a0-4852-a312.jpeg', '2021-05-11 19:02:26'),
(1019, 59, 138, 149, NULL, '/images/products/6302fdc5-ef2b-45a0-b46c.jpeg', '2021-05-11 19:02:26'),
(1020, 59, 138, 149, NULL, '/images/products/82e954c9-0877-4d8d-b7c6.jpeg', '2021-05-11 19:02:26'),
(1021, 59, 138, 149, NULL, '/images/products/e4825f35-9066-4025-8777.jpeg', '2021-05-11 19:02:26'),
(1022, 59, 138, 149, NULL, '/images/products/04001ab0-b231-4299-b291.jpeg', '2021-05-11 19:02:26'),
(1023, 59, 138, 149, NULL, '/images/products/4ce81c1f-4347-42bb-a3c5.jpeg', '2021-05-11 19:02:26'),
(1024, 59, 138, 149, NULL, '/images/products/b65fda1d-d841-451b-9c30.jpeg', '2021-05-11 19:02:26'),
(1025, 59, 138, 149, NULL, '/images/products/029be784-2e06-4865-8a25.jpeg', '2021-05-11 19:02:26'),
(1026, 59, 138, 149, NULL, '/images/products/b4061d63-45a4-41da-8df1.jpeg', '2021-05-11 19:02:26'),
(1027, 59, 138, 149, NULL, '/images/products/f0ddb166-06da-454b-bf48.jpeg', '2021-05-11 19:02:26'),
(1028, 59, 138, 149, NULL, '/images/products/d071450e-0db3-4199-ade7.jpeg', '2021-05-11 19:02:26'),
(1029, 59, 138, 149, NULL, '/images/products/6e122230-6525-4c27-897d.jpeg', '2021-05-11 19:02:26'),
(1030, 59, 138, 149, NULL, '/images/products/4c4f2be7-5d0f-4de6-bf4c.jpeg', '2021-05-11 19:02:26'),
(1031, 59, 138, 149, NULL, '/images/products/332d5707-d82f-4d66-b79e.jpeg', '2021-05-11 19:02:26'),
(1032, 59, 138, 149, NULL, '/images/products/5947bcf6-1031-485d-b816.jpeg', '2021-05-11 19:02:26'),
(1033, 59, 138, 149, NULL, '/images/products/1375e80d-92a6-44a8-bc58.jpeg', '2021-05-11 19:02:26'),
(1034, 59, 138, 149, NULL, '/images/products/c663598b-f31a-4611-8243.jpeg', '2021-05-11 19:02:26'),
(1035, 59, 138, 149, NULL, '/images/products/5911b921-0f24-48c4-a034.jpeg', '2021-05-11 19:02:26'),
(1036, 59, 138, 149, NULL, '/images/products/90637dd7-a1a0-4852-a312.jpeg', '2021-05-11 19:02:26'),
(1037, 59, 138, 149, NULL, '/images/products/6302fdc5-ef2b-45a0-b46c.jpeg', '2021-05-11 19:02:27'),
(1038, 59, 138, 149, NULL, '/images/products/82e954c9-0877-4d8d-b7c6.jpeg', '2021-05-11 19:02:27'),
(1039, 59, 138, 149, NULL, '/images/products/e4825f35-9066-4025-8777.jpeg', '2021-05-11 19:02:27'),
(1040, 59, 138, 149, NULL, '/images/products/04001ab0-b231-4299-b291.jpeg', '2021-05-11 19:02:27'),
(1041, 59, 138, 149, NULL, '/images/products/4ce81c1f-4347-42bb-a3c5.jpeg', '2021-05-11 19:02:27'),
(1042, 59, 138, 149, NULL, '/images/products/b65fda1d-d841-451b-9c30.jpeg', '2021-05-11 19:02:27'),
(1043, 59, 138, 149, NULL, '/images/products/029be784-2e06-4865-8a25.jpeg', '2021-05-11 19:02:27'),
(1044, 59, 138, 149, NULL, '/images/products/b4061d63-45a4-41da-8df1.jpeg', '2021-05-11 19:02:27'),
(1045, 59, 138, 149, NULL, '/images/products/f0ddb166-06da-454b-bf48.jpeg', '2021-05-11 19:02:27'),
(1046, 59, 138, 149, NULL, '/images/products/d071450e-0db3-4199-ade7.jpeg', '2021-05-11 19:02:27'),
(1047, 59, 138, 149, NULL, '/images/products/6e122230-6525-4c27-897d.jpeg', '2021-05-11 19:02:27'),
(1048, 59, 138, 149, NULL, '/images/products/4c4f2be7-5d0f-4de6-bf4c.jpeg', '2021-05-11 19:02:27'),
(1049, 59, 138, 149, NULL, '/images/products/332d5707-d82f-4d66-b79e.jpeg', '2021-05-11 19:02:27'),
(1050, 59, 138, 149, NULL, '/images/products/5947bcf6-1031-485d-b816.jpeg', '2021-05-11 19:02:27'),
(1051, 59, 138, 149, NULL, '/images/products/1375e80d-92a6-44a8-bc58.jpeg', '2021-05-11 19:02:27'),
(1052, 59, 138, 149, NULL, '/images/products/c663598b-f31a-4611-8243.jpeg', '2021-05-11 19:02:27'),
(1053, 59, 138, 149, NULL, '/images/products/5911b921-0f24-48c4-a034.jpeg', '2021-05-11 19:02:27'),
(1054, 59, 138, 149, NULL, '/images/products/90637dd7-a1a0-4852-a312.jpeg', '2021-05-11 19:02:27'),
(1055, 59, 138, 149, NULL, '/images/products/6302fdc5-ef2b-45a0-b46c.jpeg', '2021-05-11 19:02:27'),
(1056, 59, 138, 149, NULL, '/images/products/82e954c9-0877-4d8d-b7c6.jpeg', '2021-05-11 19:02:27'),
(1057, 59, 138, 149, NULL, '/images/products/e4825f35-9066-4025-8777.jpeg', '2021-05-11 19:02:27'),
(1058, 59, 138, 149, NULL, '/images/products/04001ab0-b231-4299-b291.jpeg', '2021-05-11 19:02:27'),
(1059, 59, 138, 149, NULL, '/images/products/4ce81c1f-4347-42bb-a3c5.jpeg', '2021-05-11 19:02:28'),
(1060, 59, 138, 149, NULL, '/images/products/b65fda1d-d841-451b-9c30.jpeg', '2021-05-11 19:02:28'),
(1061, 59, 138, 149, NULL, '/images/products/029be784-2e06-4865-8a25.jpeg', '2021-05-11 19:02:28'),
(1062, 59, 138, 149, NULL, '/images/products/b4061d63-45a4-41da-8df1.jpeg', '2021-05-11 19:02:28'),
(1063, 59, 138, 149, NULL, '/images/products/f0ddb166-06da-454b-bf48.jpeg', '2021-05-11 19:02:28'),
(1064, 59, 138, 149, NULL, '/images/products/d071450e-0db3-4199-ade7.jpeg', '2021-05-11 19:02:28'),
(1065, 59, 138, 149, NULL, '/images/products/6e122230-6525-4c27-897d.jpeg', '2021-05-11 19:02:28'),
(1066, 59, 138, 149, NULL, '/images/products/4c4f2be7-5d0f-4de6-bf4c.jpeg', '2021-05-11 19:02:28'),
(1067, 59, 138, 149, NULL, '/images/products/332d5707-d82f-4d66-b79e.jpeg', '2021-05-11 19:02:28'),
(1068, 59, 138, 149, NULL, '/images/products/5947bcf6-1031-485d-b816.jpeg', '2021-05-11 19:02:28'),
(1069, 59, 138, 149, NULL, '/images/products/1375e80d-92a6-44a8-bc58.jpeg', '2021-05-11 19:02:28');
INSERT INTO `images` (`id`, `productid`, `mainCategoryId`, `categoryId`, `subCategoryId`, `productListImage`, `createdDate`) VALUES
(1070, 60, 138, 149, NULL, '/images/products/c663598b-f31a-4611-8243.jpeg', '2021-05-11 19:04:18'),
(1071, 60, 138, 149, NULL, '/images/products/5911b921-0f24-48c4-a034.jpeg', '2021-05-11 19:04:18'),
(1072, 60, 138, 149, NULL, '/images/products/90637dd7-a1a0-4852-a312.jpeg', '2021-05-11 19:04:18'),
(1073, 60, 138, 149, NULL, '/images/products/6302fdc5-ef2b-45a0-b46c.jpeg', '2021-05-11 19:04:18'),
(1074, 60, 138, 149, NULL, '/images/products/82e954c9-0877-4d8d-b7c6.jpeg', '2021-05-11 19:04:18'),
(1075, 60, 138, 149, NULL, '/images/products/e4825f35-9066-4025-8777.jpeg', '2021-05-11 19:04:18'),
(1076, 60, 138, 149, NULL, '/images/products/04001ab0-b231-4299-b291.jpeg', '2021-05-11 19:04:18'),
(1077, 60, 138, 149, NULL, '/images/products/4ce81c1f-4347-42bb-a3c5.jpeg', '2021-05-11 19:04:18'),
(1078, 60, 138, 149, NULL, '/images/products/b65fda1d-d841-451b-9c30.jpeg', '2021-05-11 19:04:18'),
(1079, 60, 138, 149, NULL, '/images/products/029be784-2e06-4865-8a25.jpeg', '2021-05-11 19:04:18'),
(1080, 60, 138, 149, NULL, '/images/products/b4061d63-45a4-41da-8df1.jpeg', '2021-05-11 19:04:18'),
(1081, 60, 138, 149, NULL, '/images/products/f0ddb166-06da-454b-bf48.jpeg', '2021-05-11 19:04:18'),
(1082, 60, 138, 149, NULL, '/images/products/d071450e-0db3-4199-ade7.jpeg', '2021-05-11 19:04:18'),
(1083, 60, 138, 149, NULL, '/images/products/6e122230-6525-4c27-897d.jpeg', '2021-05-11 19:04:18'),
(1084, 60, 138, 149, NULL, '/images/products/4c4f2be7-5d0f-4de6-bf4c.jpeg', '2021-05-11 19:04:19'),
(1085, 60, 138, 149, NULL, '/images/products/332d5707-d82f-4d66-b79e.jpeg', '2021-05-11 19:04:19'),
(1086, 60, 138, 149, NULL, '/images/products/5947bcf6-1031-485d-b816.jpeg', '2021-05-11 19:04:19'),
(1087, 60, 138, 149, NULL, '/images/products/1375e80d-92a6-44a8-bc58.jpeg', '2021-05-11 19:04:19'),
(1088, 60, 138, 149, NULL, '/images/products/b2540159-628f-49d2-bbf1.jpeg', '2021-05-11 19:04:19'),
(1089, 60, 138, 149, NULL, '/images/products/90257cb7-ed78-42e1-a67c.jpeg', '2021-05-11 19:04:19'),
(1090, 60, 138, 149, NULL, '/images/products/c663598b-f31a-4611-8243.jpeg', '2021-05-11 19:04:19'),
(1091, 60, 138, 149, NULL, '/images/products/5911b921-0f24-48c4-a034.jpeg', '2021-05-11 19:04:19'),
(1092, 60, 138, 149, NULL, '/images/products/90637dd7-a1a0-4852-a312.jpeg', '2021-05-11 19:04:19'),
(1093, 60, 138, 149, NULL, '/images/products/6302fdc5-ef2b-45a0-b46c.jpeg', '2021-05-11 19:04:19'),
(1094, 60, 138, 149, NULL, '/images/products/82e954c9-0877-4d8d-b7c6.jpeg', '2021-05-11 19:04:19'),
(1095, 60, 138, 149, NULL, '/images/products/e4825f35-9066-4025-8777.jpeg', '2021-05-11 19:04:19'),
(1096, 60, 138, 149, NULL, '/images/products/04001ab0-b231-4299-b291.jpeg', '2021-05-11 19:04:19'),
(1097, 60, 138, 149, NULL, '/images/products/4ce81c1f-4347-42bb-a3c5.jpeg', '2021-05-11 19:04:19'),
(1098, 60, 138, 149, NULL, '/images/products/b65fda1d-d841-451b-9c30.jpeg', '2021-05-11 19:04:19'),
(1099, 60, 138, 149, NULL, '/images/products/029be784-2e06-4865-8a25.jpeg', '2021-05-11 19:04:19'),
(1100, 60, 138, 149, NULL, '/images/products/b4061d63-45a4-41da-8df1.jpeg', '2021-05-11 19:04:19'),
(1101, 60, 138, 149, NULL, '/images/products/f0ddb166-06da-454b-bf48.jpeg', '2021-05-11 19:04:20'),
(1102, 60, 138, 149, NULL, '/images/products/d071450e-0db3-4199-ade7.jpeg', '2021-05-11 19:04:20'),
(1103, 60, 138, 149, NULL, '/images/products/6e122230-6525-4c27-897d.jpeg', '2021-05-11 19:04:20'),
(1104, 60, 138, 149, NULL, '/images/products/4c4f2be7-5d0f-4de6-bf4c.jpeg', '2021-05-11 19:04:20'),
(1105, 60, 138, 149, NULL, '/images/products/332d5707-d82f-4d66-b79e.jpeg', '2021-05-11 19:04:20'),
(1106, 60, 138, 149, NULL, '/images/products/5947bcf6-1031-485d-b816.jpeg', '2021-05-11 19:04:20'),
(1107, 60, 138, 149, NULL, '/images/products/1375e80d-92a6-44a8-bc58.jpeg', '2021-05-11 19:04:20'),
(1108, 60, 138, 149, NULL, '/images/products/b2540159-628f-49d2-bbf1.jpeg', '2021-05-11 19:04:20'),
(1109, 60, 138, 149, NULL, '/images/products/90257cb7-ed78-42e1-a67c.jpeg', '2021-05-11 19:04:20'),
(1110, 60, 138, 149, NULL, '/images/products/c663598b-f31a-4611-8243.jpeg', '2021-05-11 19:04:20'),
(1111, 60, 138, 149, NULL, '/images/products/5911b921-0f24-48c4-a034.jpeg', '2021-05-11 19:04:20'),
(1112, 60, 138, 149, NULL, '/images/products/90637dd7-a1a0-4852-a312.jpeg', '2021-05-11 19:04:20'),
(1113, 60, 138, 149, NULL, '/images/products/6302fdc5-ef2b-45a0-b46c.jpeg', '2021-05-11 19:04:20'),
(1114, 60, 138, 149, NULL, '/images/products/82e954c9-0877-4d8d-b7c6.jpeg', '2021-05-11 19:04:21'),
(1115, 60, 138, 149, NULL, '/images/products/e4825f35-9066-4025-8777.jpeg', '2021-05-11 19:04:21'),
(1116, 60, 138, 149, NULL, '/images/products/04001ab0-b231-4299-b291.jpeg', '2021-05-11 19:04:21'),
(1117, 60, 138, 149, NULL, '/images/products/4ce81c1f-4347-42bb-a3c5.jpeg', '2021-05-11 19:04:21'),
(1118, 60, 138, 149, NULL, '/images/products/b65fda1d-d841-451b-9c30.jpeg', '2021-05-11 19:04:21'),
(1119, 60, 138, 149, NULL, '/images/products/029be784-2e06-4865-8a25.jpeg', '2021-05-11 19:04:21'),
(1120, 60, 138, 149, NULL, '/images/products/b4061d63-45a4-41da-8df1.jpeg', '2021-05-11 19:04:21'),
(1121, 60, 138, 149, NULL, '/images/products/f0ddb166-06da-454b-bf48.jpeg', '2021-05-11 19:04:21'),
(1122, 60, 138, 149, NULL, '/images/products/d071450e-0db3-4199-ade7.jpeg', '2021-05-11 19:04:21'),
(1123, 60, 138, 149, NULL, '/images/products/6e122230-6525-4c27-897d.jpeg', '2021-05-11 19:04:21'),
(1124, 60, 138, 149, NULL, '/images/products/4c4f2be7-5d0f-4de6-bf4c.jpeg', '2021-05-11 19:04:21'),
(1125, 60, 138, 149, NULL, '/images/products/332d5707-d82f-4d66-b79e.jpeg', '2021-05-11 19:04:22'),
(1126, 60, 138, 149, NULL, '/images/products/5947bcf6-1031-485d-b816.jpeg', '2021-05-11 19:04:22'),
(1127, 60, 138, 149, NULL, '/images/products/1375e80d-92a6-44a8-bc58.jpeg', '2021-05-11 19:04:22'),
(1128, 60, 138, 149, NULL, '/images/products/b2540159-628f-49d2-bbf1.jpeg', '2021-05-11 19:04:22'),
(1129, 60, 138, 149, NULL, '/images/products/90257cb7-ed78-42e1-a67c.jpeg', '2021-05-11 19:04:22'),
(1130, 60, 138, 149, NULL, '/images/products/c663598b-f31a-4611-8243.jpeg', '2021-05-11 19:04:22'),
(1131, 60, 138, 149, NULL, '/images/products/5911b921-0f24-48c4-a034.jpeg', '2021-05-11 19:04:22'),
(1132, 60, 138, 149, NULL, '/images/products/90637dd7-a1a0-4852-a312.jpeg', '2021-05-11 19:04:22'),
(1133, 60, 138, 149, NULL, '/images/products/6302fdc5-ef2b-45a0-b46c.jpeg', '2021-05-11 19:04:22'),
(1134, 60, 138, 149, NULL, '/images/products/82e954c9-0877-4d8d-b7c6.jpeg', '2021-05-11 19:04:22'),
(1135, 60, 138, 149, NULL, '/images/products/e4825f35-9066-4025-8777.jpeg', '2021-05-11 19:04:22'),
(1136, 60, 138, 149, NULL, '/images/products/04001ab0-b231-4299-b291.jpeg', '2021-05-11 19:04:22'),
(1137, 60, 138, 149, NULL, '/images/products/4ce81c1f-4347-42bb-a3c5.jpeg', '2021-05-11 19:04:22'),
(1138, 60, 138, 149, NULL, '/images/products/b65fda1d-d841-451b-9c30.jpeg', '2021-05-11 19:04:22'),
(1139, 60, 138, 149, NULL, '/images/products/029be784-2e06-4865-8a25.jpeg', '2021-05-11 19:04:22'),
(1140, 60, 138, 149, NULL, '/images/products/b4061d63-45a4-41da-8df1.jpeg', '2021-05-11 19:04:22'),
(1141, 60, 138, 149, NULL, '/images/products/f0ddb166-06da-454b-bf48.jpeg', '2021-05-11 19:04:22'),
(1142, 60, 138, 149, NULL, '/images/products/d071450e-0db3-4199-ade7.jpeg', '2021-05-11 19:04:22'),
(1143, 60, 138, 149, NULL, '/images/products/6e122230-6525-4c27-897d.jpeg', '2021-05-11 19:04:22'),
(1144, 60, 138, 149, NULL, '/images/products/4c4f2be7-5d0f-4de6-bf4c.jpeg', '2021-05-11 19:04:22'),
(1145, 60, 138, 149, NULL, '/images/products/332d5707-d82f-4d66-b79e.jpeg', '2021-05-11 19:04:22'),
(1146, 60, 138, 149, NULL, '/images/products/5947bcf6-1031-485d-b816.jpeg', '2021-05-11 19:04:22'),
(1147, 60, 138, 149, NULL, '/images/products/1375e80d-92a6-44a8-bc58.jpeg', '2021-05-11 19:04:22'),
(1148, 60, 138, 149, NULL, '/images/products/b2540159-628f-49d2-bbf1.jpeg', '2021-05-11 19:04:23'),
(1149, 60, 138, 149, NULL, '/images/products/90257cb7-ed78-42e1-a67c.jpeg', '2021-05-11 19:04:23'),
(1150, 61, 138, 149, NULL, '/images/products/c663598b-f31a-4611-8243.jpeg', '2021-05-11 19:05:19'),
(1151, 61, 138, 149, NULL, '/images/products/5911b921-0f24-48c4-a034.jpeg', '2021-05-11 19:05:19'),
(1152, 61, 138, 149, NULL, '/images/products/90637dd7-a1a0-4852-a312.jpeg', '2021-05-11 19:05:19'),
(1153, 61, 138, 149, NULL, '/images/products/6302fdc5-ef2b-45a0-b46c.jpeg', '2021-05-11 19:05:19'),
(1154, 61, 138, 149, NULL, '/images/products/82e954c9-0877-4d8d-b7c6.jpeg', '2021-05-11 19:05:19'),
(1155, 61, 138, 149, NULL, '/images/products/e4825f35-9066-4025-8777.jpeg', '2021-05-11 19:05:19'),
(1156, 61, 138, 149, NULL, '/images/products/04001ab0-b231-4299-b291.jpeg', '2021-05-11 19:05:19'),
(1157, 61, 138, 149, NULL, '/images/products/4ce81c1f-4347-42bb-a3c5.jpeg', '2021-05-11 19:05:19'),
(1158, 61, 138, 149, NULL, '/images/products/b65fda1d-d841-451b-9c30.jpeg', '2021-05-11 19:05:19'),
(1159, 61, 138, 149, NULL, '/images/products/029be784-2e06-4865-8a25.jpeg', '2021-05-11 19:05:19'),
(1160, 61, 138, 149, NULL, '/images/products/b4061d63-45a4-41da-8df1.jpeg', '2021-05-11 19:05:19'),
(1161, 61, 138, 149, NULL, '/images/products/f0ddb166-06da-454b-bf48.jpeg', '2021-05-11 19:05:19'),
(1162, 61, 138, 149, NULL, '/images/products/d071450e-0db3-4199-ade7.jpeg', '2021-05-11 19:05:19'),
(1163, 61, 138, 149, NULL, '/images/products/6e122230-6525-4c27-897d.jpeg', '2021-05-11 19:05:19'),
(1164, 61, 138, 149, NULL, '/images/products/4c4f2be7-5d0f-4de6-bf4c.jpeg', '2021-05-11 19:05:19'),
(1165, 61, 138, 149, NULL, '/images/products/332d5707-d82f-4d66-b79e.jpeg', '2021-05-11 19:05:20'),
(1166, 61, 138, 149, NULL, '/images/products/5947bcf6-1031-485d-b816.jpeg', '2021-05-11 19:05:20'),
(1167, 61, 138, 149, NULL, '/images/products/1375e80d-92a6-44a8-bc58.jpeg', '2021-05-11 19:05:20'),
(1168, 61, 138, 149, NULL, '/images/products/b2540159-628f-49d2-bbf1.jpeg', '2021-05-11 19:05:20'),
(1169, 61, 138, 149, NULL, '/images/products/90257cb7-ed78-42e1-a67c.jpeg', '2021-05-11 19:05:20'),
(1170, 61, 138, 149, NULL, '/images/products/ab9e2aec-e021-49df-bbd4.jpeg', '2021-05-11 19:05:20'),
(1171, 61, 138, 149, NULL, '/images/products/f92124fa-f1d4-4c49-bca8.jpeg', '2021-05-11 19:05:20'),
(1172, 61, 138, 149, NULL, '/images/products/c663598b-f31a-4611-8243.jpeg', '2021-05-11 19:05:20'),
(1173, 61, 138, 149, NULL, '/images/products/5911b921-0f24-48c4-a034.jpeg', '2021-05-11 19:05:20'),
(1174, 61, 138, 149, NULL, '/images/products/90637dd7-a1a0-4852-a312.jpeg', '2021-05-11 19:05:20'),
(1175, 61, 138, 149, NULL, '/images/products/6302fdc5-ef2b-45a0-b46c.jpeg', '2021-05-11 19:05:20'),
(1176, 61, 138, 149, NULL, '/images/products/82e954c9-0877-4d8d-b7c6.jpeg', '2021-05-11 19:05:20'),
(1177, 61, 138, 149, NULL, '/images/products/e4825f35-9066-4025-8777.jpeg', '2021-05-11 19:05:20'),
(1178, 61, 138, 149, NULL, '/images/products/04001ab0-b231-4299-b291.jpeg', '2021-05-11 19:05:20'),
(1179, 61, 138, 149, NULL, '/images/products/4ce81c1f-4347-42bb-a3c5.jpeg', '2021-05-11 19:05:20'),
(1180, 61, 138, 149, NULL, '/images/products/b65fda1d-d841-451b-9c30.jpeg', '2021-05-11 19:05:20'),
(1181, 61, 138, 149, NULL, '/images/products/029be784-2e06-4865-8a25.jpeg', '2021-05-11 19:05:20'),
(1182, 61, 138, 149, NULL, '/images/products/b4061d63-45a4-41da-8df1.jpeg', '2021-05-11 19:05:20'),
(1183, 61, 138, 149, NULL, '/images/products/f0ddb166-06da-454b-bf48.jpeg', '2021-05-11 19:05:20'),
(1184, 61, 138, 149, NULL, '/images/products/d071450e-0db3-4199-ade7.jpeg', '2021-05-11 19:05:20'),
(1185, 61, 138, 149, NULL, '/images/products/6e122230-6525-4c27-897d.jpeg', '2021-05-11 19:05:20'),
(1186, 61, 138, 149, NULL, '/images/products/4c4f2be7-5d0f-4de6-bf4c.jpeg', '2021-05-11 19:05:20'),
(1187, 61, 138, 149, NULL, '/images/products/332d5707-d82f-4d66-b79e.jpeg', '2021-05-11 19:05:20'),
(1188, 61, 138, 149, NULL, '/images/products/5947bcf6-1031-485d-b816.jpeg', '2021-05-11 19:05:20'),
(1189, 61, 138, 149, NULL, '/images/products/1375e80d-92a6-44a8-bc58.jpeg', '2021-05-11 19:05:20'),
(1190, 61, 138, 149, NULL, '/images/products/b2540159-628f-49d2-bbf1.jpeg', '2021-05-11 19:05:20'),
(1191, 61, 138, 149, NULL, '/images/products/90257cb7-ed78-42e1-a67c.jpeg', '2021-05-11 19:05:20'),
(1192, 61, 138, 149, NULL, '/images/products/ab9e2aec-e021-49df-bbd4.jpeg', '2021-05-11 19:05:21'),
(1193, 61, 138, 149, NULL, '/images/products/f92124fa-f1d4-4c49-bca8.jpeg', '2021-05-11 19:05:21'),
(1194, 61, 138, 149, NULL, '/images/products/c663598b-f31a-4611-8243.jpeg', '2021-05-11 19:05:21'),
(1195, 61, 138, 149, NULL, '/images/products/5911b921-0f24-48c4-a034.jpeg', '2021-05-11 19:05:21'),
(1196, 61, 138, 149, NULL, '/images/products/90637dd7-a1a0-4852-a312.jpeg', '2021-05-11 19:05:21'),
(1197, 61, 138, 149, NULL, '/images/products/6302fdc5-ef2b-45a0-b46c.jpeg', '2021-05-11 19:05:21'),
(1198, 61, 138, 149, NULL, '/images/products/82e954c9-0877-4d8d-b7c6.jpeg', '2021-05-11 19:05:21'),
(1199, 61, 138, 149, NULL, '/images/products/e4825f35-9066-4025-8777.jpeg', '2021-05-11 19:05:21'),
(1200, 61, 138, 149, NULL, '/images/products/04001ab0-b231-4299-b291.jpeg', '2021-05-11 19:05:21'),
(1201, 61, 138, 149, NULL, '/images/products/4ce81c1f-4347-42bb-a3c5.jpeg', '2021-05-11 19:05:21'),
(1202, 61, 138, 149, NULL, '/images/products/b65fda1d-d841-451b-9c30.jpeg', '2021-05-11 19:05:21'),
(1203, 61, 138, 149, NULL, '/images/products/029be784-2e06-4865-8a25.jpeg', '2021-05-11 19:05:21'),
(1204, 61, 138, 149, NULL, '/images/products/b4061d63-45a4-41da-8df1.jpeg', '2021-05-11 19:05:21'),
(1205, 61, 138, 149, NULL, '/images/products/f0ddb166-06da-454b-bf48.jpeg', '2021-05-11 19:05:21'),
(1206, 61, 138, 149, NULL, '/images/products/d071450e-0db3-4199-ade7.jpeg', '2021-05-11 19:05:21'),
(1207, 61, 138, 149, NULL, '/images/products/6e122230-6525-4c27-897d.jpeg', '2021-05-11 19:05:21'),
(1208, 61, 138, 149, NULL, '/images/products/4c4f2be7-5d0f-4de6-bf4c.jpeg', '2021-05-11 19:05:21'),
(1209, 61, 138, 149, NULL, '/images/products/332d5707-d82f-4d66-b79e.jpeg', '2021-05-11 19:05:21'),
(1210, 61, 138, 149, NULL, '/images/products/5947bcf6-1031-485d-b816.jpeg', '2021-05-11 19:05:21'),
(1211, 61, 138, 149, NULL, '/images/products/1375e80d-92a6-44a8-bc58.jpeg', '2021-05-11 19:05:21'),
(1212, 61, 138, 149, NULL, '/images/products/b2540159-628f-49d2-bbf1.jpeg', '2021-05-11 19:05:21'),
(1213, 61, 138, 149, NULL, '/images/products/90257cb7-ed78-42e1-a67c.jpeg', '2021-05-11 19:05:21'),
(1214, 61, 138, 149, NULL, '/images/products/ab9e2aec-e021-49df-bbd4.jpeg', '2021-05-11 19:05:21'),
(1215, 61, 138, 149, NULL, '/images/products/f92124fa-f1d4-4c49-bca8.jpeg', '2021-05-11 19:05:21'),
(1216, 61, 138, 149, NULL, '/images/products/c663598b-f31a-4611-8243.jpeg', '2021-05-11 19:05:21'),
(1217, 61, 138, 149, NULL, '/images/products/5911b921-0f24-48c4-a034.jpeg', '2021-05-11 19:05:21'),
(1218, 61, 138, 149, NULL, '/images/products/90637dd7-a1a0-4852-a312.jpeg', '2021-05-11 19:05:21'),
(1219, 61, 138, 149, NULL, '/images/products/6302fdc5-ef2b-45a0-b46c.jpeg', '2021-05-11 19:05:21'),
(1220, 61, 138, 149, NULL, '/images/products/82e954c9-0877-4d8d-b7c6.jpeg', '2021-05-11 19:05:21'),
(1221, 61, 138, 149, NULL, '/images/products/e4825f35-9066-4025-8777.jpeg', '2021-05-11 19:05:22'),
(1222, 61, 138, 149, NULL, '/images/products/04001ab0-b231-4299-b291.jpeg', '2021-05-11 19:05:22'),
(1223, 61, 138, 149, NULL, '/images/products/4ce81c1f-4347-42bb-a3c5.jpeg', '2021-05-11 19:05:22'),
(1224, 61, 138, 149, NULL, '/images/products/b65fda1d-d841-451b-9c30.jpeg', '2021-05-11 19:05:22'),
(1225, 61, 138, 149, NULL, '/images/products/029be784-2e06-4865-8a25.jpeg', '2021-05-11 19:05:22'),
(1226, 61, 138, 149, NULL, '/images/products/b4061d63-45a4-41da-8df1.jpeg', '2021-05-11 19:05:22'),
(1227, 61, 138, 149, NULL, '/images/products/f0ddb166-06da-454b-bf48.jpeg', '2021-05-11 19:05:22'),
(1228, 61, 138, 149, NULL, '/images/products/d071450e-0db3-4199-ade7.jpeg', '2021-05-11 19:05:22'),
(1229, 61, 138, 149, NULL, '/images/products/6e122230-6525-4c27-897d.jpeg', '2021-05-11 19:05:22'),
(1230, 61, 138, 149, NULL, '/images/products/4c4f2be7-5d0f-4de6-bf4c.jpeg', '2021-05-11 19:05:22'),
(1231, 61, 138, 149, NULL, '/images/products/332d5707-d82f-4d66-b79e.jpeg', '2021-05-11 19:05:22'),
(1232, 61, 138, 149, NULL, '/images/products/5947bcf6-1031-485d-b816.jpeg', '2021-05-11 19:05:22'),
(1233, 61, 138, 149, NULL, '/images/products/1375e80d-92a6-44a8-bc58.jpeg', '2021-05-11 19:05:22'),
(1234, 61, 138, 149, NULL, '/images/products/b2540159-628f-49d2-bbf1.jpeg', '2021-05-11 19:05:22'),
(1235, 61, 138, 149, NULL, '/images/products/90257cb7-ed78-42e1-a67c.jpeg', '2021-05-11 19:05:22'),
(1236, 61, 138, 149, NULL, '/images/products/ab9e2aec-e021-49df-bbd4.jpeg', '2021-05-11 19:05:22'),
(1237, 61, 138, 149, NULL, '/images/products/f92124fa-f1d4-4c49-bca8.jpeg', '2021-05-11 19:05:22'),
(1238, 62, 138, 149, NULL, '/images/products/c663598b-f31a-4611-8243.jpeg', '2021-05-11 19:05:22'),
(1239, 62, 138, 149, NULL, '/images/products/5911b921-0f24-48c4-a034.jpeg', '2021-05-11 19:05:23'),
(1240, 62, 138, 149, NULL, '/images/products/90637dd7-a1a0-4852-a312.jpeg', '2021-05-11 19:05:23'),
(1241, 62, 138, 149, NULL, '/images/products/6302fdc5-ef2b-45a0-b46c.jpeg', '2021-05-11 19:05:23'),
(1242, 62, 138, 149, NULL, '/images/products/82e954c9-0877-4d8d-b7c6.jpeg', '2021-05-11 19:05:23'),
(1243, 62, 138, 149, NULL, '/images/products/e4825f35-9066-4025-8777.jpeg', '2021-05-11 19:05:23'),
(1244, 62, 138, 149, NULL, '/images/products/04001ab0-b231-4299-b291.jpeg', '2021-05-11 19:05:23'),
(1245, 62, 138, 149, NULL, '/images/products/4ce81c1f-4347-42bb-a3c5.jpeg', '2021-05-11 19:05:23'),
(1246, 62, 138, 149, NULL, '/images/products/b65fda1d-d841-451b-9c30.jpeg', '2021-05-11 19:05:23'),
(1247, 62, 138, 149, NULL, '/images/products/029be784-2e06-4865-8a25.jpeg', '2021-05-11 19:05:23'),
(1248, 62, 138, 149, NULL, '/images/products/b4061d63-45a4-41da-8df1.jpeg', '2021-05-11 19:05:23'),
(1249, 62, 138, 149, NULL, '/images/products/f0ddb166-06da-454b-bf48.jpeg', '2021-05-11 19:05:23'),
(1250, 62, 138, 149, NULL, '/images/products/d071450e-0db3-4199-ade7.jpeg', '2021-05-11 19:05:23'),
(1251, 62, 138, 149, NULL, '/images/products/6e122230-6525-4c27-897d.jpeg', '2021-05-11 19:05:23'),
(1252, 62, 138, 149, NULL, '/images/products/4c4f2be7-5d0f-4de6-bf4c.jpeg', '2021-05-11 19:05:23'),
(1253, 62, 138, 149, NULL, '/images/products/332d5707-d82f-4d66-b79e.jpeg', '2021-05-11 19:05:23'),
(1254, 62, 138, 149, NULL, '/images/products/5947bcf6-1031-485d-b816.jpeg', '2021-05-11 19:05:23'),
(1255, 62, 138, 149, NULL, '/images/products/1375e80d-92a6-44a8-bc58.jpeg', '2021-05-11 19:05:23'),
(1256, 62, 138, 149, NULL, '/images/products/b2540159-628f-49d2-bbf1.jpeg', '2021-05-11 19:05:23'),
(1257, 62, 138, 149, NULL, '/images/products/90257cb7-ed78-42e1-a67c.jpeg', '2021-05-11 19:05:23'),
(1258, 62, 138, 149, NULL, '/images/products/ab9e2aec-e021-49df-bbd4.jpeg', '2021-05-11 19:05:23'),
(1259, 62, 138, 149, NULL, '/images/products/f92124fa-f1d4-4c49-bca8.jpeg', '2021-05-11 19:05:23'),
(1260, 62, 138, 149, NULL, '/images/products/c663598b-f31a-4611-8243.jpeg', '2021-05-11 19:05:23'),
(1261, 62, 138, 149, NULL, '/images/products/5911b921-0f24-48c4-a034.jpeg', '2021-05-11 19:05:23'),
(1262, 62, 138, 149, NULL, '/images/products/90637dd7-a1a0-4852-a312.jpeg', '2021-05-11 19:05:23'),
(1263, 62, 138, 149, NULL, '/images/products/6302fdc5-ef2b-45a0-b46c.jpeg', '2021-05-11 19:05:24'),
(1264, 62, 138, 149, NULL, '/images/products/82e954c9-0877-4d8d-b7c6.jpeg', '2021-05-11 19:05:24'),
(1265, 62, 138, 149, NULL, '/images/products/e4825f35-9066-4025-8777.jpeg', '2021-05-11 19:05:24'),
(1266, 62, 138, 149, NULL, '/images/products/04001ab0-b231-4299-b291.jpeg', '2021-05-11 19:05:24'),
(1267, 62, 138, 149, NULL, '/images/products/4ce81c1f-4347-42bb-a3c5.jpeg', '2021-05-11 19:05:24'),
(1268, 62, 138, 149, NULL, '/images/products/b65fda1d-d841-451b-9c30.jpeg', '2021-05-11 19:05:24'),
(1269, 62, 138, 149, NULL, '/images/products/029be784-2e06-4865-8a25.jpeg', '2021-05-11 19:05:24'),
(1270, 62, 138, 149, NULL, '/images/products/b4061d63-45a4-41da-8df1.jpeg', '2021-05-11 19:05:24'),
(1271, 62, 138, 149, NULL, '/images/products/f0ddb166-06da-454b-bf48.jpeg', '2021-05-11 19:05:24'),
(1272, 62, 138, 149, NULL, '/images/products/d071450e-0db3-4199-ade7.jpeg', '2021-05-11 19:05:24'),
(1273, 62, 138, 149, NULL, '/images/products/6e122230-6525-4c27-897d.jpeg', '2021-05-11 19:05:24'),
(1274, 62, 138, 149, NULL, '/images/products/4c4f2be7-5d0f-4de6-bf4c.jpeg', '2021-05-11 19:05:24'),
(1275, 62, 138, 149, NULL, '/images/products/332d5707-d82f-4d66-b79e.jpeg', '2021-05-11 19:05:24'),
(1276, 62, 138, 149, NULL, '/images/products/5947bcf6-1031-485d-b816.jpeg', '2021-05-11 19:05:24'),
(1277, 62, 138, 149, NULL, '/images/products/1375e80d-92a6-44a8-bc58.jpeg', '2021-05-11 19:05:24'),
(1278, 62, 138, 149, NULL, '/images/products/b2540159-628f-49d2-bbf1.jpeg', '2021-05-11 19:05:24'),
(1279, 62, 138, 149, NULL, '/images/products/90257cb7-ed78-42e1-a67c.jpeg', '2021-05-11 19:05:24'),
(1280, 62, 138, 149, NULL, '/images/products/ab9e2aec-e021-49df-bbd4.jpeg', '2021-05-11 19:05:24'),
(1281, 62, 138, 149, NULL, '/images/products/f92124fa-f1d4-4c49-bca8.jpeg', '2021-05-11 19:05:24'),
(1282, 62, 138, 149, NULL, '/images/products/c663598b-f31a-4611-8243.jpeg', '2021-05-11 19:05:24'),
(1283, 62, 138, 149, NULL, '/images/products/5911b921-0f24-48c4-a034.jpeg', '2021-05-11 19:05:24'),
(1284, 62, 138, 149, NULL, '/images/products/90637dd7-a1a0-4852-a312.jpeg', '2021-05-11 19:05:24'),
(1285, 62, 138, 149, NULL, '/images/products/6302fdc5-ef2b-45a0-b46c.jpeg', '2021-05-11 19:05:24'),
(1286, 62, 138, 149, NULL, '/images/products/82e954c9-0877-4d8d-b7c6.jpeg', '2021-05-11 19:05:24'),
(1287, 62, 138, 149, NULL, '/images/products/e4825f35-9066-4025-8777.jpeg', '2021-05-11 19:05:24'),
(1288, 62, 138, 149, NULL, '/images/products/04001ab0-b231-4299-b291.jpeg', '2021-05-11 19:05:25'),
(1289, 62, 138, 149, NULL, '/images/products/4ce81c1f-4347-42bb-a3c5.jpeg', '2021-05-11 19:05:25'),
(1290, 62, 138, 149, NULL, '/images/products/b65fda1d-d841-451b-9c30.jpeg', '2021-05-11 19:05:25'),
(1291, 62, 138, 149, NULL, '/images/products/029be784-2e06-4865-8a25.jpeg', '2021-05-11 19:05:25'),
(1292, 62, 138, 149, NULL, '/images/products/b4061d63-45a4-41da-8df1.jpeg', '2021-05-11 19:05:25'),
(1293, 62, 138, 149, NULL, '/images/products/f0ddb166-06da-454b-bf48.jpeg', '2021-05-11 19:05:25'),
(1294, 62, 138, 149, NULL, '/images/products/d071450e-0db3-4199-ade7.jpeg', '2021-05-11 19:05:25'),
(1295, 62, 138, 149, NULL, '/images/products/6e122230-6525-4c27-897d.jpeg', '2021-05-11 19:05:25'),
(1296, 62, 138, 149, NULL, '/images/products/4c4f2be7-5d0f-4de6-bf4c.jpeg', '2021-05-11 19:05:25'),
(1297, 62, 138, 149, NULL, '/images/products/332d5707-d82f-4d66-b79e.jpeg', '2021-05-11 19:05:25'),
(1298, 62, 138, 149, NULL, '/images/products/5947bcf6-1031-485d-b816.jpeg', '2021-05-11 19:05:25'),
(1299, 62, 138, 149, NULL, '/images/products/1375e80d-92a6-44a8-bc58.jpeg', '2021-05-11 19:05:25'),
(1300, 62, 138, 149, NULL, '/images/products/b2540159-628f-49d2-bbf1.jpeg', '2021-05-11 19:05:25'),
(1301, 62, 138, 149, NULL, '/images/products/90257cb7-ed78-42e1-a67c.jpeg', '2021-05-11 19:05:25'),
(1302, 62, 138, 149, NULL, '/images/products/ab9e2aec-e021-49df-bbd4.jpeg', '2021-05-11 19:05:25'),
(1303, 62, 138, 149, NULL, '/images/products/f92124fa-f1d4-4c49-bca8.jpeg', '2021-05-11 19:05:25'),
(1304, 62, 138, 149, NULL, '/images/products/c663598b-f31a-4611-8243.jpeg', '2021-05-11 19:05:25'),
(1305, 62, 138, 149, NULL, '/images/products/5911b921-0f24-48c4-a034.jpeg', '2021-05-11 19:05:25'),
(1306, 62, 138, 149, NULL, '/images/products/90637dd7-a1a0-4852-a312.jpeg', '2021-05-11 19:05:25'),
(1307, 62, 138, 149, NULL, '/images/products/6302fdc5-ef2b-45a0-b46c.jpeg', '2021-05-11 19:05:25'),
(1308, 62, 138, 149, NULL, '/images/products/82e954c9-0877-4d8d-b7c6.jpeg', '2021-05-11 19:05:25'),
(1309, 62, 138, 149, NULL, '/images/products/e4825f35-9066-4025-8777.jpeg', '2021-05-11 19:05:25'),
(1310, 62, 138, 149, NULL, '/images/products/04001ab0-b231-4299-b291.jpeg', '2021-05-11 19:05:25'),
(1311, 62, 138, 149, NULL, '/images/products/4ce81c1f-4347-42bb-a3c5.jpeg', '2021-05-11 19:05:25'),
(1312, 62, 138, 149, NULL, '/images/products/b65fda1d-d841-451b-9c30.jpeg', '2021-05-11 19:05:25'),
(1313, 62, 138, 149, NULL, '/images/products/029be784-2e06-4865-8a25.jpeg', '2021-05-11 19:05:26'),
(1314, 62, 138, 149, NULL, '/images/products/b4061d63-45a4-41da-8df1.jpeg', '2021-05-11 19:05:26'),
(1315, 62, 138, 149, NULL, '/images/products/f0ddb166-06da-454b-bf48.jpeg', '2021-05-11 19:05:26'),
(1316, 62, 138, 149, NULL, '/images/products/d071450e-0db3-4199-ade7.jpeg', '2021-05-11 19:05:26'),
(1317, 62, 138, 149, NULL, '/images/products/6e122230-6525-4c27-897d.jpeg', '2021-05-11 19:05:26'),
(1318, 62, 138, 149, NULL, '/images/products/4c4f2be7-5d0f-4de6-bf4c.jpeg', '2021-05-11 19:05:26'),
(1319, 62, 138, 149, NULL, '/images/products/332d5707-d82f-4d66-b79e.jpeg', '2021-05-11 19:05:26'),
(1320, 62, 138, 149, NULL, '/images/products/5947bcf6-1031-485d-b816.jpeg', '2021-05-11 19:05:26'),
(1321, 62, 138, 149, NULL, '/images/products/1375e80d-92a6-44a8-bc58.jpeg', '2021-05-11 19:05:26'),
(1322, 62, 138, 149, NULL, '/images/products/b2540159-628f-49d2-bbf1.jpeg', '2021-05-11 19:05:26'),
(1323, 62, 138, 149, NULL, '/images/products/90257cb7-ed78-42e1-a67c.jpeg', '2021-05-11 19:05:26'),
(1324, 62, 138, 149, NULL, '/images/products/ab9e2aec-e021-49df-bbd4.jpeg', '2021-05-11 19:05:26'),
(1325, 62, 138, 149, NULL, '/images/products/f92124fa-f1d4-4c49-bca8.jpeg', '2021-05-11 19:05:26'),
(1326, 63, 139, 150, NULL, '/images/products/95972314-dfd5-45c8-b19b.jpeg', '2021-05-11 19:16:01'),
(1327, 63, 139, 150, NULL, '/images/products/af0348a8-f762-405e-9000.jpeg', '2021-05-11 19:16:01'),
(1328, 63, 139, 150, NULL, '/images/products/95972314-dfd5-45c8-b19b.jpeg', '2021-05-11 19:16:01'),
(1329, 63, 139, 150, NULL, '/images/products/af0348a8-f762-405e-9000.jpeg', '2021-05-11 19:16:01'),
(1330, 63, 139, 150, NULL, '/images/products/95972314-dfd5-45c8-b19b.jpeg', '2021-05-11 19:16:01'),
(1331, 63, 139, 150, NULL, '/images/products/af0348a8-f762-405e-9000.jpeg', '2021-05-11 19:16:01'),
(1332, 64, 139, 150, NULL, '/images/products/95972314-dfd5-45c8-b19b.jpeg', '2021-05-11 19:19:14'),
(1333, 64, 139, 150, NULL, '/images/products/af0348a8-f762-405e-9000.jpeg', '2021-05-11 19:19:14'),
(1334, 64, 139, 150, NULL, '/images/products/3413621a-28f4-440d-8f62.jpeg', '2021-05-11 19:19:14'),
(1335, 64, 139, 150, NULL, '/images/products/1f799941-b6a0-4c50-9056.jpeg', '2021-05-11 19:19:14'),
(1336, 64, 139, 150, NULL, '/images/products/95972314-dfd5-45c8-b19b.jpeg', '2021-05-11 19:19:14'),
(1337, 64, 139, 150, NULL, '/images/products/af0348a8-f762-405e-9000.jpeg', '2021-05-11 19:19:14'),
(1338, 64, 139, 150, NULL, '/images/products/3413621a-28f4-440d-8f62.jpeg', '2021-05-11 19:19:14'),
(1339, 64, 139, 150, NULL, '/images/products/1f799941-b6a0-4c50-9056.jpeg', '2021-05-11 19:19:14'),
(1340, 64, 139, 150, NULL, '/images/products/95972314-dfd5-45c8-b19b.jpeg', '2021-05-11 19:19:14'),
(1341, 64, 139, 150, NULL, '/images/products/af0348a8-f762-405e-9000.jpeg', '2021-05-11 19:19:14'),
(1342, 64, 139, 150, NULL, '/images/products/3413621a-28f4-440d-8f62.jpeg', '2021-05-11 19:19:14'),
(1343, 64, 139, 150, NULL, '/images/products/1f799941-b6a0-4c50-9056.jpeg', '2021-05-11 19:19:14'),
(1344, 67, 139, 150, NULL, '/images/products/95972314-dfd5-45c8-b19b.jpeg', '2021-05-11 19:25:24'),
(1345, 67, 139, 150, NULL, '/images/products/af0348a8-f762-405e-9000.jpeg', '2021-05-11 19:25:24'),
(1346, 67, 139, 150, NULL, '/images/products/3413621a-28f4-440d-8f62.jpeg', '2021-05-11 19:25:24'),
(1347, 67, 139, 150, NULL, '/images/products/1f799941-b6a0-4c50-9056.jpeg', '2021-05-11 19:25:24'),
(1348, 67, 139, 150, NULL, '/images/products/95972314-dfd5-45c8-b19b.jpeg', '2021-05-11 19:25:24'),
(1349, 67, 139, 150, NULL, '/images/products/af0348a8-f762-405e-9000.jpeg', '2021-05-11 19:25:24'),
(1350, 67, 139, 150, NULL, '/images/products/3413621a-28f4-440d-8f62.jpeg', '2021-05-11 19:25:25'),
(1351, 67, 139, 150, NULL, '/images/products/1f799941-b6a0-4c50-9056.jpeg', '2021-05-11 19:25:25'),
(1352, 67, 139, 150, NULL, '/images/products/95972314-dfd5-45c8-b19b.jpeg', '2021-05-11 19:25:25'),
(1353, 67, 139, 150, NULL, '/images/products/af0348a8-f762-405e-9000.jpeg', '2021-05-11 19:25:25'),
(1354, 67, 139, 150, NULL, '/images/products/3413621a-28f4-440d-8f62.jpeg', '2021-05-11 19:25:25'),
(1355, 67, 139, 150, NULL, '/images/products/1f799941-b6a0-4c50-9056.jpeg', '2021-05-11 19:25:25'),
(1356, 68, 139, 150, NULL, '/images/products/95972314-dfd5-45c8-b19b.jpeg', '2021-05-11 19:26:19'),
(1357, 68, 139, 150, NULL, '/images/products/af0348a8-f762-405e-9000.jpeg', '2021-05-11 19:26:19'),
(1358, 68, 139, 150, NULL, '/images/products/3413621a-28f4-440d-8f62.jpeg', '2021-05-11 19:26:19'),
(1359, 68, 139, 150, NULL, '/images/products/1f799941-b6a0-4c50-9056.jpeg', '2021-05-11 19:26:19'),
(1360, 68, 139, 150, NULL, '/images/products/0191df5d-72f7-4e43-a66f.jpeg', '2021-05-11 19:26:20'),
(1361, 68, 139, 150, NULL, '/images/products/e028e053-6668-4ee0-bb98.jpeg', '2021-05-11 19:26:20'),
(1362, 69, 139, 150, NULL, '/images/products/95972314-dfd5-45c8-b19b.jpeg', '2021-05-11 19:28:18'),
(1363, 69, 139, 150, NULL, '/images/products/af0348a8-f762-405e-9000.jpeg', '2021-05-11 19:28:18'),
(1364, 69, 139, 150, NULL, '/images/products/3413621a-28f4-440d-8f62.jpeg', '2021-05-11 19:28:18'),
(1365, 69, 139, 150, NULL, '/images/products/1f799941-b6a0-4c50-9056.jpeg', '2021-05-11 19:28:18'),
(1366, 69, 139, 150, NULL, '/images/products/0191df5d-72f7-4e43-a66f.jpeg', '2021-05-11 19:28:18'),
(1367, 69, 139, 150, NULL, '/images/products/e028e053-6668-4ee0-bb98.jpeg', '2021-05-11 19:28:18'),
(1368, 69, 139, 150, NULL, '/images/products/7637f350-523e-4094-98de.jpeg', '2021-05-11 19:28:18'),
(1369, 69, 139, 150, NULL, '/images/products/f101204b-84f4-475c-a1f3.jpeg', '2021-05-11 19:28:18'),
(1370, 71, 139, 151, 165, '/images/products/ac3afde5-59b6-4ee5-a49a.jpeg', '2021-05-11 21:02:50'),
(1371, 72, 139, 151, 165, '/images/products/ac3afde5-59b6-4ee5-a49a.jpeg', '2021-05-11 21:05:12'),
(1372, 72, 139, 151, 165, '/images/products/1cd5282b-8677-4a1d-b6ba.jpeg', '2021-05-11 21:05:12'),
(1373, 73, 139, 151, 165, '/images/products/ac3afde5-59b6-4ee5-a49a.jpeg', '2021-05-11 21:06:33'),
(1374, 73, 139, 151, 165, '/images/products/1cd5282b-8677-4a1d-b6ba.jpeg', '2021-05-11 21:06:33'),
(1375, 73, 139, 151, 165, '/images/products/7ff95c73-029c-4381-ab19.jpeg', '2021-05-11 21:06:33'),
(1376, 74, 139, 151, 165, '/images/products/ac3afde5-59b6-4ee5-a49a.jpeg', '2021-05-11 21:07:43'),
(1377, 74, 139, 151, 165, '/images/products/1cd5282b-8677-4a1d-b6ba.jpeg', '2021-05-11 21:07:43'),
(1378, 74, 139, 151, 165, '/images/products/7ff95c73-029c-4381-ab19.jpeg', '2021-05-11 21:07:43'),
(1379, 74, 139, 151, 165, '/images/products/112277fc-db9d-4da7-a5eb.jpeg', '2021-05-11 21:07:43'),
(1380, 75, 139, 151, 166, '/images/products/ac3afde5-59b6-4ee5-a49a.jpeg', '2021-05-11 21:09:16'),
(1381, 75, 139, 151, 166, '/images/products/1cd5282b-8677-4a1d-b6ba.jpeg', '2021-05-11 21:09:16'),
(1382, 75, 139, 151, 166, '/images/products/7ff95c73-029c-4381-ab19.jpeg', '2021-05-11 21:09:16'),
(1383, 75, 139, 151, 166, '/images/products/112277fc-db9d-4da7-a5eb.jpeg', '2021-05-11 21:09:16'),
(1384, 75, 139, 151, 166, '/images/products/76d12491-878e-410f-841c.jpeg', '2021-05-11 21:09:16'),
(1385, 75, 139, 151, 166, '/images/products/7796c57c-27c9-47da-95c7.jpeg', '2021-05-11 21:09:16'),
(1386, 76, 139, 151, 166, '/images/products/ac3afde5-59b6-4ee5-a49a.jpeg', '2021-05-11 21:10:15'),
(1387, 76, 139, 151, 166, '/images/products/1cd5282b-8677-4a1d-b6ba.jpeg', '2021-05-11 21:10:15'),
(1388, 76, 139, 151, 166, '/images/products/7ff95c73-029c-4381-ab19.jpeg', '2021-05-11 21:10:15'),
(1389, 76, 139, 151, 166, '/images/products/112277fc-db9d-4da7-a5eb.jpeg', '2021-05-11 21:10:15'),
(1390, 76, 139, 151, 166, '/images/products/76d12491-878e-410f-841c.jpeg', '2021-05-11 21:10:15'),
(1391, 76, 139, 151, 166, '/images/products/7796c57c-27c9-47da-95c7.jpeg', '2021-05-11 21:10:15'),
(1392, 76, 139, 151, 166, '/images/products/746ac451-0c38-4d58-aae5.jpeg', '2021-05-11 21:10:15'),
(1393, 76, 139, 151, 166, '/images/products/29b5025f-d591-42dd-a7df.jpeg', '2021-05-11 21:10:15'),
(1394, 77, 139, 151, 166, '/images/products/ac3afde5-59b6-4ee5-a49a.jpeg', '2021-05-11 21:11:41'),
(1395, 77, 139, 151, 166, '/images/products/1cd5282b-8677-4a1d-b6ba.jpeg', '2021-05-11 21:11:41'),
(1396, 77, 139, 151, 166, '/images/products/7ff95c73-029c-4381-ab19.jpeg', '2021-05-11 21:11:41'),
(1397, 77, 139, 151, 166, '/images/products/112277fc-db9d-4da7-a5eb.jpeg', '2021-05-11 21:11:41'),
(1398, 77, 139, 151, 166, '/images/products/76d12491-878e-410f-841c.jpeg', '2021-05-11 21:11:41'),
(1399, 77, 139, 151, 166, '/images/products/7796c57c-27c9-47da-95c7.jpeg', '2021-05-11 21:11:41'),
(1400, 77, 139, 151, 166, '/images/products/746ac451-0c38-4d58-aae5.jpeg', '2021-05-11 21:11:42'),
(1401, 77, 139, 151, 166, '/images/products/29b5025f-d591-42dd-a7df.jpeg', '2021-05-11 21:11:42'),
(1402, 77, 139, 151, 166, '/images/products/94fbe429-fc4a-4021-a0af.jpeg', '2021-05-11 21:11:42'),
(1403, 77, 139, 151, 166, '/images/products/0ad88296-023a-4e59-a9b8.jpeg', '2021-05-11 21:11:42'),
(1404, 78, 139, 151, 166, '/images/products/ac3afde5-59b6-4ee5-a49a.jpeg', '2021-05-11 21:12:57'),
(1405, 78, 139, 151, 166, '/images/products/1cd5282b-8677-4a1d-b6ba.jpeg', '2021-05-11 21:12:57'),
(1406, 78, 139, 151, 166, '/images/products/7ff95c73-029c-4381-ab19.jpeg', '2021-05-11 21:12:57'),
(1407, 78, 139, 151, 166, '/images/products/112277fc-db9d-4da7-a5eb.jpeg', '2021-05-11 21:12:57'),
(1408, 78, 139, 151, 166, '/images/products/76d12491-878e-410f-841c.jpeg', '2021-05-11 21:12:57'),
(1409, 78, 139, 151, 166, '/images/products/7796c57c-27c9-47da-95c7.jpeg', '2021-05-11 21:12:57'),
(1410, 78, 139, 151, 166, '/images/products/746ac451-0c38-4d58-aae5.jpeg', '2021-05-11 21:12:57'),
(1411, 78, 139, 151, 166, '/images/products/29b5025f-d591-42dd-a7df.jpeg', '2021-05-11 21:12:58'),
(1412, 78, 139, 151, 166, '/images/products/94fbe429-fc4a-4021-a0af.jpeg', '2021-05-11 21:12:58'),
(1413, 78, 139, 151, 166, '/images/products/0ad88296-023a-4e59-a9b8.jpeg', '2021-05-11 21:12:58'),
(1414, 78, 139, 151, 166, '/images/products/b7e32710-859b-43db-bdb6.jpeg', '2021-05-11 21:12:58'),
(1415, 79, 139, 151, 167, '/images/products/ac3afde5-59b6-4ee5-a49a.jpeg', '2021-05-11 21:16:34'),
(1416, 79, 139, 151, 167, '/images/products/1cd5282b-8677-4a1d-b6ba.jpeg', '2021-05-11 21:16:34'),
(1417, 79, 139, 151, 167, '/images/products/7ff95c73-029c-4381-ab19.jpeg', '2021-05-11 21:16:34'),
(1418, 79, 139, 151, 167, '/images/products/112277fc-db9d-4da7-a5eb.jpeg', '2021-05-11 21:16:34'),
(1419, 79, 139, 151, 167, '/images/products/76d12491-878e-410f-841c.jpeg', '2021-05-11 21:16:34'),
(1420, 79, 139, 151, 167, '/images/products/7796c57c-27c9-47da-95c7.jpeg', '2021-05-11 21:16:34'),
(1421, 79, 139, 151, 167, '/images/products/746ac451-0c38-4d58-aae5.jpeg', '2021-05-11 21:16:34'),
(1422, 79, 139, 151, 167, '/images/products/29b5025f-d591-42dd-a7df.jpeg', '2021-05-11 21:16:34'),
(1423, 79, 139, 151, 167, '/images/products/94fbe429-fc4a-4021-a0af.jpeg', '2021-05-11 21:16:34'),
(1424, 79, 139, 151, 167, '/images/products/0ad88296-023a-4e59-a9b8.jpeg', '2021-05-11 21:16:34'),
(1425, 79, 139, 151, 167, '/images/products/b7e32710-859b-43db-bdb6.jpeg', '2021-05-11 21:16:34'),
(1426, 79, 139, 151, 167, '/images/products/c7185500-db8d-4074-bf26.jpeg', '2021-05-11 21:16:34'),
(1427, 79, 139, 151, 167, '/images/products/9cb01de2-0b3f-4816-a3b9.jpeg', '2021-05-11 21:16:34'),
(1428, 80, 139, 151, 167, '/images/products/ac3afde5-59b6-4ee5-a49a.jpeg', '2021-05-11 21:17:23'),
(1429, 80, 139, 151, 167, '/images/products/1cd5282b-8677-4a1d-b6ba.jpeg', '2021-05-11 21:17:23'),
(1430, 80, 139, 151, 167, '/images/products/7ff95c73-029c-4381-ab19.jpeg', '2021-05-11 21:17:23'),
(1431, 80, 139, 151, 167, '/images/products/112277fc-db9d-4da7-a5eb.jpeg', '2021-05-11 21:17:23'),
(1432, 80, 139, 151, 167, '/images/products/76d12491-878e-410f-841c.jpeg', '2021-05-11 21:17:23'),
(1433, 80, 139, 151, 167, '/images/products/7796c57c-27c9-47da-95c7.jpeg', '2021-05-11 21:17:23'),
(1434, 80, 139, 151, 167, '/images/products/746ac451-0c38-4d58-aae5.jpeg', '2021-05-11 21:17:23'),
(1435, 80, 139, 151, 167, '/images/products/29b5025f-d591-42dd-a7df.jpeg', '2021-05-11 21:17:23'),
(1436, 80, 139, 151, 167, '/images/products/94fbe429-fc4a-4021-a0af.jpeg', '2021-05-11 21:17:23'),
(1437, 80, 139, 151, 167, '/images/products/0ad88296-023a-4e59-a9b8.jpeg', '2021-05-11 21:17:23'),
(1438, 80, 139, 151, 167, '/images/products/b7e32710-859b-43db-bdb6.jpeg', '2021-05-11 21:17:23'),
(1439, 80, 139, 151, 167, '/images/products/c7185500-db8d-4074-bf26.jpeg', '2021-05-11 21:17:24'),
(1440, 80, 139, 151, 167, '/images/products/9cb01de2-0b3f-4816-a3b9.jpeg', '2021-05-11 21:17:24'),
(1441, 80, 139, 151, 167, '/images/products/8f674108-827b-47ab-ba52.jpeg', '2021-05-11 21:17:24'),
(1442, 81, 139, 151, 167, '/images/products/ac3afde5-59b6-4ee5-a49a.jpeg', '2021-05-11 21:18:19'),
(1443, 81, 139, 151, 167, '/images/products/1cd5282b-8677-4a1d-b6ba.jpeg', '2021-05-11 21:18:19'),
(1444, 81, 139, 151, 167, '/images/products/7ff95c73-029c-4381-ab19.jpeg', '2021-05-11 21:18:19'),
(1445, 81, 139, 151, 167, '/images/products/112277fc-db9d-4da7-a5eb.jpeg', '2021-05-11 21:18:19'),
(1446, 81, 139, 151, 167, '/images/products/76d12491-878e-410f-841c.jpeg', '2021-05-11 21:18:19'),
(1447, 81, 139, 151, 167, '/images/products/7796c57c-27c9-47da-95c7.jpeg', '2021-05-11 21:18:19'),
(1448, 81, 139, 151, 167, '/images/products/746ac451-0c38-4d58-aae5.jpeg', '2021-05-11 21:18:19'),
(1449, 81, 139, 151, 167, '/images/products/29b5025f-d591-42dd-a7df.jpeg', '2021-05-11 21:18:19'),
(1450, 81, 139, 151, 167, '/images/products/94fbe429-fc4a-4021-a0af.jpeg', '2021-05-11 21:18:19'),
(1451, 81, 139, 151, 167, '/images/products/0ad88296-023a-4e59-a9b8.jpeg', '2021-05-11 21:18:19'),
(1452, 81, 139, 151, 167, '/images/products/b7e32710-859b-43db-bdb6.jpeg', '2021-05-11 21:18:19'),
(1453, 81, 139, 151, 167, '/images/products/c7185500-db8d-4074-bf26.jpeg', '2021-05-11 21:18:19'),
(1454, 81, 139, 151, 167, '/images/products/9cb01de2-0b3f-4816-a3b9.jpeg', '2021-05-11 21:18:20'),
(1455, 81, 139, 151, 167, '/images/products/8f674108-827b-47ab-ba52.jpeg', '2021-05-11 21:18:20'),
(1456, 81, 139, 151, 167, '/images/products/0de5399b-edf8-49b3-b5ec.jpeg', '2021-05-11 21:18:20'),
(1457, 82, 139, 151, 167, '/images/products/ac3afde5-59b6-4ee5-a49a.jpeg', '2021-05-11 21:19:13'),
(1458, 82, 139, 151, 167, '/images/products/1cd5282b-8677-4a1d-b6ba.jpeg', '2021-05-11 21:19:13'),
(1459, 82, 139, 151, 167, '/images/products/7ff95c73-029c-4381-ab19.jpeg', '2021-05-11 21:19:13'),
(1460, 82, 139, 151, 167, '/images/products/112277fc-db9d-4da7-a5eb.jpeg', '2021-05-11 21:19:13'),
(1461, 82, 139, 151, 167, '/images/products/76d12491-878e-410f-841c.jpeg', '2021-05-11 21:19:14'),
(1462, 82, 139, 151, 167, '/images/products/7796c57c-27c9-47da-95c7.jpeg', '2021-05-11 21:19:14'),
(1463, 82, 139, 151, 167, '/images/products/746ac451-0c38-4d58-aae5.jpeg', '2021-05-11 21:19:14'),
(1464, 82, 139, 151, 167, '/images/products/29b5025f-d591-42dd-a7df.jpeg', '2021-05-11 21:19:14'),
(1465, 82, 139, 151, 167, '/images/products/94fbe429-fc4a-4021-a0af.jpeg', '2021-05-11 21:19:14'),
(1466, 82, 139, 151, 167, '/images/products/0ad88296-023a-4e59-a9b8.jpeg', '2021-05-11 21:19:14'),
(1467, 82, 139, 151, 167, '/images/products/b7e32710-859b-43db-bdb6.jpeg', '2021-05-11 21:19:14'),
(1468, 82, 139, 151, 167, '/images/products/c7185500-db8d-4074-bf26.jpeg', '2021-05-11 21:19:14'),
(1469, 82, 139, 151, 167, '/images/products/9cb01de2-0b3f-4816-a3b9.jpeg', '2021-05-11 21:19:14'),
(1470, 82, 139, 151, 167, '/images/products/8f674108-827b-47ab-ba52.jpeg', '2021-05-11 21:19:14'),
(1471, 82, 139, 151, 167, '/images/products/0de5399b-edf8-49b3-b5ec.jpeg', '2021-05-11 21:19:14'),
(1472, 82, 139, 151, 167, '/images/products/9e55ecca-9559-4f2f-9374.jpeg', '2021-05-11 21:19:14'),
(1473, 83, 139, 152, 168, '/images/products/188a0773-0d33-4152-b8b2.jpeg', '2021-05-11 21:23:28'),
(1474, 84, 139, 152, 168, '/images/products/188a0773-0d33-4152-b8b2.jpeg', '2021-05-11 21:24:28'),
(1475, 84, 139, 152, 168, '/images/products/7342c5ec-0f91-4ebe-8e9a.jpeg', '2021-05-11 21:24:28'),
(1476, 84, 139, 152, 168, '/images/products/18249e11-0977-4041-89ae.jpeg', '2021-05-11 21:24:28'),
(1477, 85, 139, 152, 169, '/images/products/188a0773-0d33-4152-b8b2.jpeg', '2021-05-11 21:27:24'),
(1478, 85, 139, 152, 169, '/images/products/7342c5ec-0f91-4ebe-8e9a.jpeg', '2021-05-11 21:27:24'),
(1479, 85, 139, 152, 169, '/images/products/18249e11-0977-4041-89ae.jpeg', '2021-05-11 21:27:24'),
(1480, 85, 139, 152, 169, '/images/products/da5e9ac2-5385-4804-af17.jpeg', '2021-05-11 21:27:24'),
(1481, 85, 139, 152, 169, '/images/products/b963e8c3-c924-4cd3-8036.jpeg', '2021-05-11 21:27:25'),
(1482, 85, 139, 152, 169, '/images/products/6b42f842-83fb-4f12-ab32.jpeg', '2021-05-11 21:27:25'),
(1483, 86, 139, 152, 169, '/images/products/188a0773-0d33-4152-b8b2.jpeg', '2021-05-11 21:28:23'),
(1484, 86, 139, 152, 169, '/images/products/7342c5ec-0f91-4ebe-8e9a.jpeg', '2021-05-11 21:28:23'),
(1485, 86, 139, 152, 169, '/images/products/18249e11-0977-4041-89ae.jpeg', '2021-05-11 21:28:23'),
(1486, 86, 139, 152, 169, '/images/products/da5e9ac2-5385-4804-af17.jpeg', '2021-05-11 21:28:23'),
(1487, 86, 139, 152, 169, '/images/products/b963e8c3-c924-4cd3-8036.jpeg', '2021-05-11 21:28:23'),
(1488, 86, 139, 152, 169, '/images/products/6b42f842-83fb-4f12-ab32.jpeg', '2021-05-11 21:28:24'),
(1489, 86, 139, 152, 169, '/images/products/2b0ef7ff-8078-4b8b-add9.jpeg', '2021-05-11 21:28:24'),
(1490, 87, 139, 152, 169, '/images/products/188a0773-0d33-4152-b8b2.jpeg', '2021-05-11 21:29:55'),
(1491, 87, 139, 152, 169, '/images/products/7342c5ec-0f91-4ebe-8e9a.jpeg', '2021-05-11 21:29:55'),
(1492, 87, 139, 152, 169, '/images/products/18249e11-0977-4041-89ae.jpeg', '2021-05-11 21:29:55'),
(1493, 87, 139, 152, 169, '/images/products/da5e9ac2-5385-4804-af17.jpeg', '2021-05-11 21:29:55'),
(1494, 87, 139, 152, 169, '/images/products/b963e8c3-c924-4cd3-8036.jpeg', '2021-05-11 21:29:55'),
(1495, 87, 139, 152, 169, '/images/products/6b42f842-83fb-4f12-ab32.jpeg', '2021-05-11 21:29:55'),
(1496, 87, 139, 152, 169, '/images/products/2b0ef7ff-8078-4b8b-add9.jpeg', '2021-05-11 21:29:55'),
(1497, 87, 139, 152, 169, '/images/products/d1d8388f-3f4c-41bf-860a.jpeg', '2021-05-11 21:29:55'),
(1498, 88, 139, 153, 170, '/images/products/188a0773-0d33-4152-b8b2.jpeg', '2021-05-11 21:32:46'),
(1499, 88, 139, 153, 170, '/images/products/7342c5ec-0f91-4ebe-8e9a.jpeg', '2021-05-11 21:32:46'),
(1500, 88, 139, 153, 170, '/images/products/18249e11-0977-4041-89ae.jpeg', '2021-05-11 21:32:46'),
(1501, 88, 139, 153, 170, '/images/products/da5e9ac2-5385-4804-af17.jpeg', '2021-05-11 21:32:46'),
(1502, 88, 139, 153, 170, '/images/products/b963e8c3-c924-4cd3-8036.jpeg', '2021-05-11 21:32:46'),
(1503, 88, 139, 153, 170, '/images/products/6b42f842-83fb-4f12-ab32.jpeg', '2021-05-11 21:32:46'),
(1504, 88, 139, 153, 170, '/images/products/2b0ef7ff-8078-4b8b-add9.jpeg', '2021-05-11 21:32:46'),
(1505, 88, 139, 153, 170, '/images/products/d1d8388f-3f4c-41bf-860a.jpeg', '2021-05-11 21:32:46'),
(1506, 88, 139, 153, 170, '/images/products/1eccce3d-c74d-4b4b-a6bf.jpeg', '2021-05-11 21:32:46'),
(1507, 89, 139, 153, 170, '/images/products/188a0773-0d33-4152-b8b2.jpeg', '2021-05-11 21:33:51'),
(1508, 89, 139, 153, 170, '/images/products/7342c5ec-0f91-4ebe-8e9a.jpeg', '2021-05-11 21:33:51'),
(1509, 89, 139, 153, 170, '/images/products/18249e11-0977-4041-89ae.jpeg', '2021-05-11 21:33:51'),
(1510, 89, 139, 153, 170, '/images/products/da5e9ac2-5385-4804-af17.jpeg', '2021-05-11 21:33:51'),
(1511, 89, 139, 153, 170, '/images/products/b963e8c3-c924-4cd3-8036.jpeg', '2021-05-11 21:33:51'),
(1512, 89, 139, 153, 170, '/images/products/6b42f842-83fb-4f12-ab32.jpeg', '2021-05-11 21:33:51'),
(1513, 89, 139, 153, 170, '/images/products/2b0ef7ff-8078-4b8b-add9.jpeg', '2021-05-11 21:33:51'),
(1514, 89, 139, 153, 170, '/images/products/d1d8388f-3f4c-41bf-860a.jpeg', '2021-05-11 21:33:51'),
(1515, 89, 139, 153, 170, '/images/products/1eccce3d-c74d-4b4b-a6bf.jpeg', '2021-05-11 21:33:51'),
(1516, 89, 139, 153, 170, '/images/products/9961a618-f63b-4ed3-a172.jpeg', '2021-05-11 21:33:51'),
(1517, 90, 139, 153, 170, '/images/products/188a0773-0d33-4152-b8b2.jpeg', '2021-05-11 21:34:42'),
(1518, 90, 139, 153, 170, '/images/products/7342c5ec-0f91-4ebe-8e9a.jpeg', '2021-05-11 21:34:42'),
(1519, 90, 139, 153, 170, '/images/products/18249e11-0977-4041-89ae.jpeg', '2021-05-11 21:34:42'),
(1520, 90, 139, 153, 170, '/images/products/da5e9ac2-5385-4804-af17.jpeg', '2021-05-11 21:34:42'),
(1521, 90, 139, 153, 170, '/images/products/b963e8c3-c924-4cd3-8036.jpeg', '2021-05-11 21:34:42'),
(1522, 90, 139, 153, 170, '/images/products/6b42f842-83fb-4f12-ab32.jpeg', '2021-05-11 21:34:42'),
(1523, 90, 139, 153, 170, '/images/products/2b0ef7ff-8078-4b8b-add9.jpeg', '2021-05-11 21:34:42'),
(1524, 90, 139, 153, 170, '/images/products/d1d8388f-3f4c-41bf-860a.jpeg', '2021-05-11 21:34:42'),
(1525, 90, 139, 153, 170, '/images/products/1eccce3d-c74d-4b4b-a6bf.jpeg', '2021-05-11 21:34:42'),
(1526, 90, 139, 153, 170, '/images/products/9961a618-f63b-4ed3-a172.jpeg', '2021-05-11 21:34:42'),
(1527, 90, 139, 153, 170, '/images/products/b9ebf0b4-514d-4a6d-8f0a.jpeg', '2021-05-11 21:34:42'),
(1528, 91, 139, 153, 170, '/images/products/188a0773-0d33-4152-b8b2.jpeg', '2021-05-11 21:35:38'),
(1529, 91, 139, 153, 170, '/images/products/7342c5ec-0f91-4ebe-8e9a.jpeg', '2021-05-11 21:35:38'),
(1530, 91, 139, 153, 170, '/images/products/18249e11-0977-4041-89ae.jpeg', '2021-05-11 21:35:38'),
(1531, 91, 139, 153, 170, '/images/products/da5e9ac2-5385-4804-af17.jpeg', '2021-05-11 21:35:39'),
(1532, 91, 139, 153, 170, '/images/products/b963e8c3-c924-4cd3-8036.jpeg', '2021-05-11 21:35:39'),
(1533, 91, 139, 153, 170, '/images/products/6b42f842-83fb-4f12-ab32.jpeg', '2021-05-11 21:35:39'),
(1534, 91, 139, 153, 170, '/images/products/2b0ef7ff-8078-4b8b-add9.jpeg', '2021-05-11 21:35:39'),
(1535, 91, 139, 153, 170, '/images/products/d1d8388f-3f4c-41bf-860a.jpeg', '2021-05-11 21:35:39'),
(1536, 91, 139, 153, 170, '/images/products/1eccce3d-c74d-4b4b-a6bf.jpeg', '2021-05-11 21:35:39'),
(1537, 91, 139, 153, 170, '/images/products/9961a618-f63b-4ed3-a172.jpeg', '2021-05-11 21:35:39'),
(1538, 91, 139, 153, 170, '/images/products/b9ebf0b4-514d-4a6d-8f0a.jpeg', '2021-05-11 21:35:39'),
(1539, 91, 139, 153, 170, '/images/products/92d4f536-e497-4d07-b793.jpeg', '2021-05-11 21:35:39'),
(1540, 92, 139, 153, 171, '/images/products/188a0773-0d33-4152-b8b2.jpeg', '2021-05-11 21:38:38'),
(1541, 92, 139, 153, 171, '/images/products/7342c5ec-0f91-4ebe-8e9a.jpeg', '2021-05-11 21:38:38'),
(1542, 92, 139, 153, 171, '/images/products/18249e11-0977-4041-89ae.jpeg', '2021-05-11 21:38:38'),
(1543, 92, 139, 153, 171, '/images/products/da5e9ac2-5385-4804-af17.jpeg', '2021-05-11 21:38:38'),
(1544, 92, 139, 153, 171, '/images/products/b963e8c3-c924-4cd3-8036.jpeg', '2021-05-11 21:38:38'),
(1545, 92, 139, 153, 171, '/images/products/6b42f842-83fb-4f12-ab32.jpeg', '2021-05-11 21:38:38'),
(1546, 92, 139, 153, 171, '/images/products/2b0ef7ff-8078-4b8b-add9.jpeg', '2021-05-11 21:38:38'),
(1547, 92, 139, 153, 171, '/images/products/d1d8388f-3f4c-41bf-860a.jpeg', '2021-05-11 21:38:38'),
(1548, 92, 139, 153, 171, '/images/products/1eccce3d-c74d-4b4b-a6bf.jpeg', '2021-05-11 21:38:38'),
(1549, 92, 139, 153, 171, '/images/products/9961a618-f63b-4ed3-a172.jpeg', '2021-05-11 21:38:38'),
(1550, 92, 139, 153, 171, '/images/products/b9ebf0b4-514d-4a6d-8f0a.jpeg', '2021-05-11 21:38:38'),
(1551, 92, 139, 153, 171, '/images/products/92d4f536-e497-4d07-b793.jpeg', '2021-05-11 21:38:38'),
(1552, 93, 139, 153, 172, '/images/products/188a0773-0d33-4152-b8b2.jpeg', '2021-05-11 21:40:12'),
(1553, 93, 139, 153, 172, '/images/products/7342c5ec-0f91-4ebe-8e9a.jpeg', '2021-05-11 21:40:12'),
(1554, 93, 139, 153, 172, '/images/products/18249e11-0977-4041-89ae.jpeg', '2021-05-11 21:40:13'),
(1555, 93, 139, 153, 172, '/images/products/da5e9ac2-5385-4804-af17.jpeg', '2021-05-11 21:40:13'),
(1556, 93, 139, 153, 172, '/images/products/b963e8c3-c924-4cd3-8036.jpeg', '2021-05-11 21:40:13'),
(1557, 93, 139, 153, 172, '/images/products/6b42f842-83fb-4f12-ab32.jpeg', '2021-05-11 21:40:13'),
(1558, 93, 139, 153, 172, '/images/products/2b0ef7ff-8078-4b8b-add9.jpeg', '2021-05-11 21:40:13'),
(1559, 93, 139, 153, 172, '/images/products/d1d8388f-3f4c-41bf-860a.jpeg', '2021-05-11 21:40:13'),
(1560, 93, 139, 153, 172, '/images/products/1eccce3d-c74d-4b4b-a6bf.jpeg', '2021-05-11 21:40:13'),
(1561, 93, 139, 153, 172, '/images/products/9961a618-f63b-4ed3-a172.jpeg', '2021-05-11 21:40:13'),
(1562, 93, 139, 153, 172, '/images/products/b9ebf0b4-514d-4a6d-8f0a.jpeg', '2021-05-11 21:40:13'),
(1563, 93, 139, 153, 172, '/images/products/92d4f536-e497-4d07-b793.jpeg', '2021-05-11 21:40:13'),
(1564, 93, 139, 153, 172, '/images/products/5ad0b0f1-0115-46ed-ba7a.jpeg', '2021-05-11 21:40:13'),
(1565, 94, 139, 153, 172, '/images/products/188a0773-0d33-4152-b8b2.jpeg', '2021-05-11 21:40:50'),
(1566, 94, 139, 153, 172, '/images/products/7342c5ec-0f91-4ebe-8e9a.jpeg', '2021-05-11 21:40:50'),
(1567, 94, 139, 153, 172, '/images/products/18249e11-0977-4041-89ae.jpeg', '2021-05-11 21:40:50'),
(1568, 94, 139, 153, 172, '/images/products/da5e9ac2-5385-4804-af17.jpeg', '2021-05-11 21:40:50'),
(1569, 94, 139, 153, 172, '/images/products/b963e8c3-c924-4cd3-8036.jpeg', '2021-05-11 21:40:51'),
(1570, 94, 139, 153, 172, '/images/products/6b42f842-83fb-4f12-ab32.jpeg', '2021-05-11 21:40:51'),
(1571, 94, 139, 153, 172, '/images/products/2b0ef7ff-8078-4b8b-add9.jpeg', '2021-05-11 21:40:51'),
(1572, 94, 139, 153, 172, '/images/products/d1d8388f-3f4c-41bf-860a.jpeg', '2021-05-11 21:40:51'),
(1573, 94, 139, 153, 172, '/images/products/1eccce3d-c74d-4b4b-a6bf.jpeg', '2021-05-11 21:40:51'),
(1574, 94, 139, 153, 172, '/images/products/9961a618-f63b-4ed3-a172.jpeg', '2021-05-11 21:40:51'),
(1575, 94, 139, 153, 172, '/images/products/b9ebf0b4-514d-4a6d-8f0a.jpeg', '2021-05-11 21:40:51'),
(1576, 94, 139, 153, 172, '/images/products/92d4f536-e497-4d07-b793.jpeg', '2021-05-11 21:40:51'),
(1577, 94, 139, 153, 172, '/images/products/5ad0b0f1-0115-46ed-ba7a.jpeg', '2021-05-11 21:40:51'),
(1578, 94, 139, 153, 172, '/images/products/2244103e-96a9-4b52-bc36.jpeg', '2021-05-11 21:40:51'),
(1579, 95, 139, 153, 172, '/images/products/188a0773-0d33-4152-b8b2.jpeg', '2021-05-11 21:43:02'),
(1580, 95, 139, 153, 172, '/images/products/7342c5ec-0f91-4ebe-8e9a.jpeg', '2021-05-11 21:43:02');
INSERT INTO `images` (`id`, `productid`, `mainCategoryId`, `categoryId`, `subCategoryId`, `productListImage`, `createdDate`) VALUES
(1581, 95, 139, 153, 172, '/images/products/18249e11-0977-4041-89ae.jpeg', '2021-05-11 21:43:02'),
(1582, 95, 139, 153, 172, '/images/products/da5e9ac2-5385-4804-af17.jpeg', '2021-05-11 21:43:03'),
(1583, 95, 139, 153, 172, '/images/products/b963e8c3-c924-4cd3-8036.jpeg', '2021-05-11 21:43:03'),
(1584, 95, 139, 153, 172, '/images/products/6b42f842-83fb-4f12-ab32.jpeg', '2021-05-11 21:43:03'),
(1585, 95, 139, 153, 172, '/images/products/2b0ef7ff-8078-4b8b-add9.jpeg', '2021-05-11 21:43:03'),
(1586, 95, 139, 153, 172, '/images/products/d1d8388f-3f4c-41bf-860a.jpeg', '2021-05-11 21:43:03'),
(1587, 95, 139, 153, 172, '/images/products/1eccce3d-c74d-4b4b-a6bf.jpeg', '2021-05-11 21:43:03'),
(1588, 95, 139, 153, 172, '/images/products/9961a618-f63b-4ed3-a172.jpeg', '2021-05-11 21:43:03'),
(1589, 95, 139, 153, 172, '/images/products/b9ebf0b4-514d-4a6d-8f0a.jpeg', '2021-05-11 21:43:03'),
(1590, 95, 139, 153, 172, '/images/products/92d4f536-e497-4d07-b793.jpeg', '2021-05-11 21:43:03'),
(1591, 95, 139, 153, 172, '/images/products/5ad0b0f1-0115-46ed-ba7a.jpeg', '2021-05-11 21:43:03'),
(1592, 95, 139, 153, 172, '/images/products/2244103e-96a9-4b52-bc36.jpeg', '2021-05-11 21:43:03'),
(1593, 95, 139, 153, 172, '/images/products/b289e75a-5308-4963-acac.jpeg', '2021-05-11 21:43:03'),
(1594, 95, 139, 153, 172, '/images/products/e4c112df-34cb-4c38-ba99.jpeg', '2021-05-11 21:43:03'),
(1595, 96, 140, 154, NULL, '/images/products/57cf104a-8aa1-46c9-baa6.jpeg', '2021-05-11 21:48:27'),
(1596, 97, 140, 154, NULL, '/images/products/57cf104a-8aa1-46c9-baa6.jpeg', '2021-05-11 21:49:16'),
(1597, 97, 140, 154, NULL, '/images/products/fec5d5aa-190e-4c86-88c0.jpeg', '2021-05-11 21:49:16'),
(1598, 97, 140, 154, NULL, '/images/products/da62a2e3-839d-47c9-b2c3.jpeg', '2021-05-11 21:49:16'),
(1599, 98, 140, 154, NULL, '/images/products/57cf104a-8aa1-46c9-baa6.jpeg', '2021-05-11 21:50:54'),
(1600, 98, 140, 154, NULL, '/images/products/fec5d5aa-190e-4c86-88c0.jpeg', '2021-05-11 21:50:54'),
(1601, 98, 140, 154, NULL, '/images/products/da62a2e3-839d-47c9-b2c3.jpeg', '2021-05-11 21:50:54'),
(1602, 98, 140, 154, NULL, '/images/products/c56424d1-668a-405b-909e.jpeg', '2021-05-11 21:50:54'),
(1603, 99, 140, 154, NULL, '/images/products/57cf104a-8aa1-46c9-baa6.jpeg', '2021-05-11 21:52:25'),
(1604, 99, 140, 154, NULL, '/images/products/fec5d5aa-190e-4c86-88c0.jpeg', '2021-05-11 21:52:25'),
(1605, 99, 140, 154, NULL, '/images/products/da62a2e3-839d-47c9-b2c3.jpeg', '2021-05-11 21:52:25'),
(1606, 99, 140, 154, NULL, '/images/products/c56424d1-668a-405b-909e.jpeg', '2021-05-11 21:52:26'),
(1607, 99, 140, 154, NULL, '/images/products/f00e8108-267f-4869-9b7b.jpeg', '2021-05-11 21:52:26'),
(1608, 99, 140, 154, NULL, '/images/products/4e6e8c61-c0a9-40d3-8d37.jpeg', '2021-05-11 21:52:26'),
(1609, 100, 140, 154, NULL, '/images/products/57cf104a-8aa1-46c9-baa6.jpeg', '2021-05-11 21:53:45'),
(1610, 100, 140, 154, NULL, '/images/products/fec5d5aa-190e-4c86-88c0.jpeg', '2021-05-11 21:53:45'),
(1611, 100, 140, 154, NULL, '/images/products/da62a2e3-839d-47c9-b2c3.jpeg', '2021-05-11 21:53:46'),
(1612, 100, 140, 154, NULL, '/images/products/c56424d1-668a-405b-909e.jpeg', '2021-05-11 21:53:46'),
(1613, 100, 140, 154, NULL, '/images/products/f00e8108-267f-4869-9b7b.jpeg', '2021-05-11 21:53:46'),
(1614, 100, 140, 154, NULL, '/images/products/4e6e8c61-c0a9-40d3-8d37.jpeg', '2021-05-11 21:53:46'),
(1615, 100, 140, 154, NULL, '/images/products/8fc631bc-6e66-4fc0-a33d.jpeg', '2021-05-11 21:53:46'),
(1616, 100, 140, 154, NULL, '/images/products/cefd2b22-8d8d-48d8-92a9.jpeg', '2021-05-11 21:53:46'),
(1617, 101, 140, 155, 173, '/images/products/f5911cad-c3c3-4cd8-af57.jpeg', '2021-05-12 01:03:42'),
(1618, 101, 140, 155, 173, '/images/products/38bd6ec9-764d-4d07-8d4b.jpeg', '2021-05-12 01:03:43'),
(1619, 101, 140, 155, 173, '/images/products/dad596c1-69f3-4b92-8add.jpeg', '2021-05-12 01:03:43'),
(1620, 101, 140, 155, 173, '/images/products/190dbbbb-21a3-4758-9e74.jpeg', '2021-05-12 01:03:43'),
(1621, 102, 140, 155, 173, '/images/products/f5911cad-c3c3-4cd8-af57.jpeg', '2021-05-12 01:04:30'),
(1622, 102, 140, 155, 173, '/images/products/38bd6ec9-764d-4d07-8d4b.jpeg', '2021-05-12 01:04:30'),
(1623, 102, 140, 155, 173, '/images/products/dad596c1-69f3-4b92-8add.jpeg', '2021-05-12 01:04:30'),
(1624, 102, 140, 155, 173, '/images/products/190dbbbb-21a3-4758-9e74.jpeg', '2021-05-12 01:04:30'),
(1625, 102, 140, 155, 173, '/images/products/2632d1c7-58a6-4892-a60b.jpeg', '2021-05-12 01:04:30'),
(1626, 103, 140, 155, 173, '/images/products/f5911cad-c3c3-4cd8-af57.jpeg', '2021-05-12 01:05:49'),
(1627, 103, 140, 155, 173, '/images/products/38bd6ec9-764d-4d07-8d4b.jpeg', '2021-05-12 01:05:49'),
(1628, 103, 140, 155, 173, '/images/products/dad596c1-69f3-4b92-8add.jpeg', '2021-05-12 01:05:49'),
(1629, 103, 140, 155, 173, '/images/products/190dbbbb-21a3-4758-9e74.jpeg', '2021-05-12 01:05:49'),
(1630, 103, 140, 155, 173, '/images/products/2632d1c7-58a6-4892-a60b.jpeg', '2021-05-12 01:05:49'),
(1631, 103, 140, 155, 173, '/images/products/15eded9d-d96a-4dda-a4e1.jpeg', '2021-05-12 01:05:49'),
(1632, 104, 140, 156, NULL, '/images/products/4bc5f64b-41d6-4b71-8948.jpeg', '2021-05-12 01:10:54'),
(1633, 104, 140, 156, NULL, '/images/products/50460be0-7ea2-4d10-bb00.jpeg', '2021-05-12 01:10:54'),
(1634, 105, 140, 156, NULL, '/images/products/4bc5f64b-41d6-4b71-8948.jpeg', '2021-05-12 01:12:49'),
(1635, 105, 140, 156, NULL, '/images/products/50460be0-7ea2-4d10-bb00.jpeg', '2021-05-12 01:12:49'),
(1636, 105, 140, 156, NULL, '/images/products/9bdc3bf2-e723-4648-89d7.jpeg', '2021-05-12 01:12:49'),
(1637, 105, 140, 156, NULL, '/images/products/29e96bc6-ee2b-4af8-ac31.jpeg', '2021-05-12 01:12:49'),
(1638, 106, 140, 156, NULL, '/images/products/4bc5f64b-41d6-4b71-8948.jpeg', '2021-05-12 01:14:12'),
(1639, 106, 140, 156, NULL, '/images/products/50460be0-7ea2-4d10-bb00.jpeg', '2021-05-12 01:14:12'),
(1640, 106, 140, 156, NULL, '/images/products/9bdc3bf2-e723-4648-89d7.jpeg', '2021-05-12 01:14:12'),
(1641, 106, 140, 156, NULL, '/images/products/29e96bc6-ee2b-4af8-ac31.jpeg', '2021-05-12 01:14:12'),
(1642, 106, 140, 156, NULL, '/images/products/1873d01a-1bc4-4363-8f44.jpeg', '2021-05-12 01:14:12'),
(1643, 106, 140, 156, NULL, '/images/products/a61def97-c7b2-4ae3-a293.jpeg', '2021-05-12 01:14:12'),
(1644, 107, 140, 157, 174, '/images/products/4bc5f64b-41d6-4b71-8948.jpeg', '2021-05-12 01:17:37'),
(1645, 107, 140, 157, 174, '/images/products/50460be0-7ea2-4d10-bb00.jpeg', '2021-05-12 01:17:37'),
(1646, 107, 140, 157, 174, '/images/products/9bdc3bf2-e723-4648-89d7.jpeg', '2021-05-12 01:17:37'),
(1647, 107, 140, 157, 174, '/images/products/29e96bc6-ee2b-4af8-ac31.jpeg', '2021-05-12 01:17:37'),
(1648, 107, 140, 157, 174, '/images/products/1873d01a-1bc4-4363-8f44.jpeg', '2021-05-12 01:17:37'),
(1649, 107, 140, 157, 174, '/images/products/a61def97-c7b2-4ae3-a293.jpeg', '2021-05-12 01:17:37'),
(1650, 107, 140, 157, 174, '/images/products/07a9fa6f-8161-43a7-9d8f.jpeg', '2021-05-12 01:17:37'),
(1651, 107, 140, 157, 174, '/images/products/8203d45d-1a07-4a54-bc33.jpeg', '2021-05-12 01:17:37'),
(1652, 108, 140, 157, 174, '/images/products/4bc5f64b-41d6-4b71-8948.jpeg', '2021-05-12 01:20:32'),
(1653, 108, 140, 157, 174, '/images/products/50460be0-7ea2-4d10-bb00.jpeg', '2021-05-12 01:20:32'),
(1654, 108, 140, 157, 174, '/images/products/9bdc3bf2-e723-4648-89d7.jpeg', '2021-05-12 01:20:32'),
(1655, 108, 140, 157, 174, '/images/products/29e96bc6-ee2b-4af8-ac31.jpeg', '2021-05-12 01:20:32'),
(1656, 108, 140, 157, 174, '/images/products/1873d01a-1bc4-4363-8f44.jpeg', '2021-05-12 01:20:32'),
(1657, 108, 140, 157, 174, '/images/products/a61def97-c7b2-4ae3-a293.jpeg', '2021-05-12 01:20:32'),
(1658, 108, 140, 157, 174, '/images/products/07a9fa6f-8161-43a7-9d8f.jpeg', '2021-05-12 01:20:32'),
(1659, 108, 140, 157, 174, '/images/products/8203d45d-1a07-4a54-bc33.jpeg', '2021-05-12 01:20:33'),
(1660, 108, 140, 157, 174, '/images/products/1b93cdff-2188-4a3e-a25b.jpeg', '2021-05-12 01:20:33'),
(1661, 108, 140, 157, 174, '/images/products/896bb1c6-8258-4584-9f9c.jpeg', '2021-05-12 01:20:33'),
(1662, 109, 140, 157, 174, '/images/products/4bc5f64b-41d6-4b71-8948.jpeg', '2021-05-12 01:23:02'),
(1663, 109, 140, 157, 174, '/images/products/50460be0-7ea2-4d10-bb00.jpeg', '2021-05-12 01:23:02'),
(1664, 109, 140, 157, 174, '/images/products/9bdc3bf2-e723-4648-89d7.jpeg', '2021-05-12 01:23:02'),
(1665, 109, 140, 157, 174, '/images/products/29e96bc6-ee2b-4af8-ac31.jpeg', '2021-05-12 01:23:02'),
(1666, 109, 140, 157, 174, '/images/products/1873d01a-1bc4-4363-8f44.jpeg', '2021-05-12 01:23:02'),
(1667, 109, 140, 157, 174, '/images/products/a61def97-c7b2-4ae3-a293.jpeg', '2021-05-12 01:23:02'),
(1668, 109, 140, 157, 174, '/images/products/07a9fa6f-8161-43a7-9d8f.jpeg', '2021-05-12 01:23:02'),
(1669, 109, 140, 157, 174, '/images/products/8203d45d-1a07-4a54-bc33.jpeg', '2021-05-12 01:23:02'),
(1670, 109, 140, 157, 174, '/images/products/1b93cdff-2188-4a3e-a25b.jpeg', '2021-05-12 01:23:02'),
(1671, 109, 140, 157, 174, '/images/products/896bb1c6-8258-4584-9f9c.jpeg', '2021-05-12 01:23:02'),
(1672, 109, 140, 157, 174, '/images/products/3adaa47c-0ea2-42c8-86cb.jpeg', '2021-05-12 01:23:02'),
(1673, 109, 140, 157, 174, '/images/products/b297ca01-9c5f-4cac-a13a.jpeg', '2021-05-12 01:23:02'),
(1674, 110, 140, 157, 175, '/images/products/4bc5f64b-41d6-4b71-8948.jpeg', '2021-05-12 01:25:51'),
(1675, 110, 140, 157, 175, '/images/products/50460be0-7ea2-4d10-bb00.jpeg', '2021-05-12 01:25:51'),
(1676, 110, 140, 157, 175, '/images/products/9bdc3bf2-e723-4648-89d7.jpeg', '2021-05-12 01:25:51'),
(1677, 110, 140, 157, 175, '/images/products/29e96bc6-ee2b-4af8-ac31.jpeg', '2021-05-12 01:25:51'),
(1678, 110, 140, 157, 175, '/images/products/1873d01a-1bc4-4363-8f44.jpeg', '2021-05-12 01:25:51'),
(1679, 110, 140, 157, 175, '/images/products/a61def97-c7b2-4ae3-a293.jpeg', '2021-05-12 01:25:51'),
(1680, 110, 140, 157, 175, '/images/products/07a9fa6f-8161-43a7-9d8f.jpeg', '2021-05-12 01:25:51'),
(1681, 110, 140, 157, 175, '/images/products/8203d45d-1a07-4a54-bc33.jpeg', '2021-05-12 01:25:51'),
(1682, 110, 140, 157, 175, '/images/products/1b93cdff-2188-4a3e-a25b.jpeg', '2021-05-12 01:25:51'),
(1683, 110, 140, 157, 175, '/images/products/896bb1c6-8258-4584-9f9c.jpeg', '2021-05-12 01:25:51'),
(1684, 110, 140, 157, 175, '/images/products/3adaa47c-0ea2-42c8-86cb.jpeg', '2021-05-12 01:25:51'),
(1685, 110, 140, 157, 175, '/images/products/b297ca01-9c5f-4cac-a13a.jpeg', '2021-05-12 01:25:51'),
(1686, 110, 140, 157, 175, '/images/products/41768f78-44e9-4163-9356.jpeg', '2021-05-12 01:25:51'),
(1687, 110, 140, 157, 175, '/images/products/2ecf6fe6-e78e-4593-8670.jpeg', '2021-05-12 01:25:52'),
(1688, 111, 140, 157, 175, '/images/products/4bc5f64b-41d6-4b71-8948.jpeg', '2021-05-12 01:26:40'),
(1689, 111, 140, 157, 175, '/images/products/50460be0-7ea2-4d10-bb00.jpeg', '2021-05-12 01:26:40'),
(1690, 111, 140, 157, 175, '/images/products/9bdc3bf2-e723-4648-89d7.jpeg', '2021-05-12 01:26:40'),
(1691, 111, 140, 157, 175, '/images/products/29e96bc6-ee2b-4af8-ac31.jpeg', '2021-05-12 01:26:40'),
(1692, 111, 140, 157, 175, '/images/products/1873d01a-1bc4-4363-8f44.jpeg', '2021-05-12 01:26:40'),
(1693, 111, 140, 157, 175, '/images/products/a61def97-c7b2-4ae3-a293.jpeg', '2021-05-12 01:26:40'),
(1694, 111, 140, 157, 175, '/images/products/07a9fa6f-8161-43a7-9d8f.jpeg', '2021-05-12 01:26:41'),
(1695, 111, 140, 157, 175, '/images/products/8203d45d-1a07-4a54-bc33.jpeg', '2021-05-12 01:26:41'),
(1696, 111, 140, 157, 175, '/images/products/1b93cdff-2188-4a3e-a25b.jpeg', '2021-05-12 01:26:41'),
(1697, 111, 140, 157, 175, '/images/products/896bb1c6-8258-4584-9f9c.jpeg', '2021-05-12 01:26:41'),
(1698, 111, 140, 157, 175, '/images/products/3adaa47c-0ea2-42c8-86cb.jpeg', '2021-05-12 01:26:41'),
(1699, 111, 140, 157, 175, '/images/products/b297ca01-9c5f-4cac-a13a.jpeg', '2021-05-12 01:26:41'),
(1700, 111, 140, 157, 175, '/images/products/41768f78-44e9-4163-9356.jpeg', '2021-05-12 01:26:41'),
(1701, 111, 140, 157, 175, '/images/products/2ecf6fe6-e78e-4593-8670.jpeg', '2021-05-12 01:26:41'),
(1702, 111, 140, 157, 175, '/images/products/3514d566-ad6f-4596-9bcf.jpeg', '2021-05-12 01:26:41'),
(1703, 111, 140, 157, 175, '/images/products/c3be61eb-ae72-48b7-9f6a.jpeg', '2021-05-12 01:26:41'),
(1704, 112, 140, 157, 175, '/images/products/4bc5f64b-41d6-4b71-8948.jpeg', '2021-05-12 01:32:55'),
(1705, 112, 140, 157, 175, '/images/products/50460be0-7ea2-4d10-bb00.jpeg', '2021-05-12 01:32:55'),
(1706, 112, 140, 157, 175, '/images/products/9bdc3bf2-e723-4648-89d7.jpeg', '2021-05-12 01:32:55'),
(1707, 112, 140, 157, 175, '/images/products/29e96bc6-ee2b-4af8-ac31.jpeg', '2021-05-12 01:32:55'),
(1708, 112, 140, 157, 175, '/images/products/1873d01a-1bc4-4363-8f44.jpeg', '2021-05-12 01:32:55'),
(1709, 112, 140, 157, 175, '/images/products/a61def97-c7b2-4ae3-a293.jpeg', '2021-05-12 01:32:55'),
(1710, 112, 140, 157, 175, '/images/products/07a9fa6f-8161-43a7-9d8f.jpeg', '2021-05-12 01:32:55'),
(1711, 112, 140, 157, 175, '/images/products/8203d45d-1a07-4a54-bc33.jpeg', '2021-05-12 01:32:55'),
(1712, 112, 140, 157, 175, '/images/products/1b93cdff-2188-4a3e-a25b.jpeg', '2021-05-12 01:32:55'),
(1713, 112, 140, 157, 175, '/images/products/896bb1c6-8258-4584-9f9c.jpeg', '2021-05-12 01:32:55'),
(1714, 112, 140, 157, 175, '/images/products/3adaa47c-0ea2-42c8-86cb.jpeg', '2021-05-12 01:32:55'),
(1715, 112, 140, 157, 175, '/images/products/b297ca01-9c5f-4cac-a13a.jpeg', '2021-05-12 01:32:55'),
(1716, 112, 140, 157, 175, '/images/products/41768f78-44e9-4163-9356.jpeg', '2021-05-12 01:32:55'),
(1717, 112, 140, 157, 175, '/images/products/2ecf6fe6-e78e-4593-8670.jpeg', '2021-05-12 01:32:56'),
(1718, 112, 140, 157, 175, '/images/products/3514d566-ad6f-4596-9bcf.jpeg', '2021-05-12 01:32:56'),
(1719, 112, 140, 157, 175, '/images/products/c3be61eb-ae72-48b7-9f6a.jpeg', '2021-05-12 01:32:56'),
(1720, 112, 140, 157, 175, '/images/products/3c9ff29f-c0db-4d96-91ae.jpeg', '2021-05-12 01:32:56'),
(1721, 112, 140, 157, 175, '/images/products/6df2cf50-36bf-4c97-a402.jpeg', '2021-05-12 01:32:56'),
(1722, 113, 140, 157, 176, '/images/products/4bc5f64b-41d6-4b71-8948.jpeg', '2021-05-12 01:41:53'),
(1723, 113, 140, 157, 176, '/images/products/50460be0-7ea2-4d10-bb00.jpeg', '2021-05-12 01:41:53'),
(1724, 113, 140, 157, 176, '/images/products/9bdc3bf2-e723-4648-89d7.jpeg', '2021-05-12 01:41:53'),
(1725, 113, 140, 157, 176, '/images/products/29e96bc6-ee2b-4af8-ac31.jpeg', '2021-05-12 01:41:53'),
(1726, 113, 140, 157, 176, '/images/products/1873d01a-1bc4-4363-8f44.jpeg', '2021-05-12 01:41:53'),
(1727, 113, 140, 157, 176, '/images/products/a61def97-c7b2-4ae3-a293.jpeg', '2021-05-12 01:41:53'),
(1728, 113, 140, 157, 176, '/images/products/07a9fa6f-8161-43a7-9d8f.jpeg', '2021-05-12 01:41:53'),
(1729, 113, 140, 157, 176, '/images/products/8203d45d-1a07-4a54-bc33.jpeg', '2021-05-12 01:41:54'),
(1730, 113, 140, 157, 176, '/images/products/1b93cdff-2188-4a3e-a25b.jpeg', '2021-05-12 01:41:54'),
(1731, 113, 140, 157, 176, '/images/products/896bb1c6-8258-4584-9f9c.jpeg', '2021-05-12 01:41:54'),
(1732, 113, 140, 157, 176, '/images/products/3adaa47c-0ea2-42c8-86cb.jpeg', '2021-05-12 01:41:54'),
(1733, 113, 140, 157, 176, '/images/products/b297ca01-9c5f-4cac-a13a.jpeg', '2021-05-12 01:41:54'),
(1734, 113, 140, 157, 176, '/images/products/41768f78-44e9-4163-9356.jpeg', '2021-05-12 01:41:54'),
(1735, 113, 140, 157, 176, '/images/products/2ecf6fe6-e78e-4593-8670.jpeg', '2021-05-12 01:41:54'),
(1736, 113, 140, 157, 176, '/images/products/3514d566-ad6f-4596-9bcf.jpeg', '2021-05-12 01:41:54'),
(1737, 113, 140, 157, 176, '/images/products/c3be61eb-ae72-48b7-9f6a.jpeg', '2021-05-12 01:41:54'),
(1738, 113, 140, 157, 176, '/images/products/3c9ff29f-c0db-4d96-91ae.jpeg', '2021-05-12 01:41:54'),
(1739, 113, 140, 157, 176, '/images/products/6df2cf50-36bf-4c97-a402.jpeg', '2021-05-12 01:41:54'),
(1740, 113, 140, 157, 176, '[object Object]', '2021-05-12 01:41:54'),
(1741, 113, 140, 157, 176, '[object Object]', '2021-05-12 01:41:54'),
(1742, 113, 140, 157, 176, '[object Object]', '2021-05-12 01:41:54'),
(1743, 113, 140, 157, 176, '[object Object]', '2021-05-12 01:41:54'),
(1744, 113, 140, 157, 176, '[object Object]', '2021-05-12 01:41:54'),
(1745, 113, 140, 157, 176, '[object Object]', '2021-05-12 01:41:54'),
(1746, 114, 140, 157, 176, '/images/products/4bc5f64b-41d6-4b71-8948.jpeg', '2021-05-12 01:42:57'),
(1747, 114, 140, 157, 176, '/images/products/50460be0-7ea2-4d10-bb00.jpeg', '2021-05-12 01:42:57'),
(1748, 114, 140, 157, 176, '/images/products/9bdc3bf2-e723-4648-89d7.jpeg', '2021-05-12 01:42:57'),
(1749, 114, 140, 157, 176, '/images/products/29e96bc6-ee2b-4af8-ac31.jpeg', '2021-05-12 01:42:57'),
(1750, 114, 140, 157, 176, '/images/products/1873d01a-1bc4-4363-8f44.jpeg', '2021-05-12 01:42:57'),
(1751, 114, 140, 157, 176, '/images/products/a61def97-c7b2-4ae3-a293.jpeg', '2021-05-12 01:42:57'),
(1752, 114, 140, 157, 176, '/images/products/07a9fa6f-8161-43a7-9d8f.jpeg', '2021-05-12 01:42:57'),
(1753, 114, 140, 157, 176, '/images/products/8203d45d-1a07-4a54-bc33.jpeg', '2021-05-12 01:42:57'),
(1754, 114, 140, 157, 176, '/images/products/1b93cdff-2188-4a3e-a25b.jpeg', '2021-05-12 01:42:57'),
(1755, 114, 140, 157, 176, '/images/products/896bb1c6-8258-4584-9f9c.jpeg', '2021-05-12 01:42:57'),
(1756, 114, 140, 157, 176, '/images/products/3adaa47c-0ea2-42c8-86cb.jpeg', '2021-05-12 01:42:57'),
(1757, 114, 140, 157, 176, '/images/products/b297ca01-9c5f-4cac-a13a.jpeg', '2021-05-12 01:42:57'),
(1758, 114, 140, 157, 176, '/images/products/41768f78-44e9-4163-9356.jpeg', '2021-05-12 01:42:57'),
(1759, 114, 140, 157, 176, '/images/products/2ecf6fe6-e78e-4593-8670.jpeg', '2021-05-12 01:42:57'),
(1760, 114, 140, 157, 176, '/images/products/3514d566-ad6f-4596-9bcf.jpeg', '2021-05-12 01:42:57'),
(1761, 114, 140, 157, 176, '/images/products/c3be61eb-ae72-48b7-9f6a.jpeg', '2021-05-12 01:42:57'),
(1762, 114, 140, 157, 176, '/images/products/3c9ff29f-c0db-4d96-91ae.jpeg', '2021-05-12 01:42:57'),
(1763, 114, 140, 157, 176, '/images/products/6df2cf50-36bf-4c97-a402.jpeg', '2021-05-12 01:42:57'),
(1764, 114, 140, 157, 176, '[object Object]', '2021-05-12 01:42:57'),
(1765, 114, 140, 157, 176, '[object Object]', '2021-05-12 01:42:58'),
(1766, 114, 140, 157, 176, '[object Object]', '2021-05-12 01:42:58'),
(1767, 114, 140, 157, 176, '[object Object]', '2021-05-12 01:42:58'),
(1768, 114, 140, 157, 176, '[object Object]', '2021-05-12 01:42:58'),
(1769, 114, 140, 157, 176, '[object Object]', '2021-05-12 01:42:58'),
(1770, 114, 140, 157, 176, '/images/products/2a0257ea-7bff-4e88-8ad6.jpeg', '2021-05-12 01:42:58'),
(1771, 114, 140, 157, 176, '/images/products/96f4c6e1-1204-4e45-9306.jpeg', '2021-05-12 01:42:58'),
(1772, 115, 140, 157, 176, '/images/products/4bc5f64b-41d6-4b71-8948.jpeg', '2021-05-12 01:44:13'),
(1773, 115, 140, 157, 176, '/images/products/50460be0-7ea2-4d10-bb00.jpeg', '2021-05-12 01:44:14'),
(1774, 115, 140, 157, 176, '/images/products/9bdc3bf2-e723-4648-89d7.jpeg', '2021-05-12 01:44:14'),
(1775, 115, 140, 157, 176, '/images/products/29e96bc6-ee2b-4af8-ac31.jpeg', '2021-05-12 01:44:14'),
(1776, 115, 140, 157, 176, '/images/products/1873d01a-1bc4-4363-8f44.jpeg', '2021-05-12 01:44:14'),
(1777, 115, 140, 157, 176, '/images/products/a61def97-c7b2-4ae3-a293.jpeg', '2021-05-12 01:44:14'),
(1778, 115, 140, 157, 176, '/images/products/07a9fa6f-8161-43a7-9d8f.jpeg', '2021-05-12 01:44:14'),
(1779, 115, 140, 157, 176, '/images/products/8203d45d-1a07-4a54-bc33.jpeg', '2021-05-12 01:44:14'),
(1780, 115, 140, 157, 176, '/images/products/1b93cdff-2188-4a3e-a25b.jpeg', '2021-05-12 01:44:14'),
(1781, 115, 140, 157, 176, '/images/products/896bb1c6-8258-4584-9f9c.jpeg', '2021-05-12 01:44:14'),
(1782, 115, 140, 157, 176, '/images/products/3adaa47c-0ea2-42c8-86cb.jpeg', '2021-05-12 01:44:14'),
(1783, 115, 140, 157, 176, '/images/products/b297ca01-9c5f-4cac-a13a.jpeg', '2021-05-12 01:44:14'),
(1784, 115, 140, 157, 176, '/images/products/41768f78-44e9-4163-9356.jpeg', '2021-05-12 01:44:14'),
(1785, 115, 140, 157, 176, '/images/products/2ecf6fe6-e78e-4593-8670.jpeg', '2021-05-12 01:44:14'),
(1786, 115, 140, 157, 176, '/images/products/3514d566-ad6f-4596-9bcf.jpeg', '2021-05-12 01:44:14'),
(1787, 115, 140, 157, 176, '/images/products/c3be61eb-ae72-48b7-9f6a.jpeg', '2021-05-12 01:44:14'),
(1788, 115, 140, 157, 176, '/images/products/3c9ff29f-c0db-4d96-91ae.jpeg', '2021-05-12 01:44:14'),
(1789, 115, 140, 157, 176, '/images/products/6df2cf50-36bf-4c97-a402.jpeg', '2021-05-12 01:44:14'),
(1790, 115, 140, 157, 176, '[object Object]', '2021-05-12 01:44:14'),
(1791, 115, 140, 157, 176, '[object Object]', '2021-05-12 01:44:14'),
(1792, 115, 140, 157, 176, '[object Object]', '2021-05-12 01:44:14'),
(1793, 115, 140, 157, 176, '[object Object]', '2021-05-12 01:44:14'),
(1794, 115, 140, 157, 176, '[object Object]', '2021-05-12 01:44:14'),
(1795, 115, 140, 157, 176, '[object Object]', '2021-05-12 01:44:14'),
(1796, 115, 140, 157, 176, '/images/products/2a0257ea-7bff-4e88-8ad6.jpeg', '2021-05-12 01:44:14'),
(1797, 115, 140, 157, 176, '/images/products/96f4c6e1-1204-4e45-9306.jpeg', '2021-05-12 01:44:15'),
(1798, 115, 140, 157, 176, '/images/products/eef6404b-9f06-4f34-8bb8.jpeg', '2021-05-12 01:44:15'),
(1799, 115, 140, 157, 176, '/images/products/36aa09c7-24fe-4803-af36.jpeg', '2021-05-12 01:44:15'),
(1800, 116, 140, 157, 176, '/images/products/4bc5f64b-41d6-4b71-8948.jpeg', '2021-05-12 01:45:12'),
(1801, 116, 140, 157, 176, '/images/products/50460be0-7ea2-4d10-bb00.jpeg', '2021-05-12 01:45:12'),
(1802, 116, 140, 157, 176, '/images/products/9bdc3bf2-e723-4648-89d7.jpeg', '2021-05-12 01:45:12'),
(1803, 116, 140, 157, 176, '/images/products/29e96bc6-ee2b-4af8-ac31.jpeg', '2021-05-12 01:45:12'),
(1804, 116, 140, 157, 176, '/images/products/1873d01a-1bc4-4363-8f44.jpeg', '2021-05-12 01:45:12'),
(1805, 116, 140, 157, 176, '/images/products/a61def97-c7b2-4ae3-a293.jpeg', '2021-05-12 01:45:12'),
(1806, 116, 140, 157, 176, '/images/products/07a9fa6f-8161-43a7-9d8f.jpeg', '2021-05-12 01:45:12'),
(1807, 116, 140, 157, 176, '/images/products/8203d45d-1a07-4a54-bc33.jpeg', '2021-05-12 01:45:12'),
(1808, 116, 140, 157, 176, '/images/products/1b93cdff-2188-4a3e-a25b.jpeg', '2021-05-12 01:45:12'),
(1809, 116, 140, 157, 176, '/images/products/896bb1c6-8258-4584-9f9c.jpeg', '2021-05-12 01:45:12'),
(1810, 116, 140, 157, 176, '/images/products/3adaa47c-0ea2-42c8-86cb.jpeg', '2021-05-12 01:45:12'),
(1811, 116, 140, 157, 176, '/images/products/b297ca01-9c5f-4cac-a13a.jpeg', '2021-05-12 01:45:12'),
(1812, 116, 140, 157, 176, '/images/products/41768f78-44e9-4163-9356.jpeg', '2021-05-12 01:45:12'),
(1813, 116, 140, 157, 176, '/images/products/2ecf6fe6-e78e-4593-8670.jpeg', '2021-05-12 01:45:12'),
(1814, 116, 140, 157, 176, '/images/products/3514d566-ad6f-4596-9bcf.jpeg', '2021-05-12 01:45:12'),
(1815, 116, 140, 157, 176, '/images/products/c3be61eb-ae72-48b7-9f6a.jpeg', '2021-05-12 01:45:12'),
(1816, 116, 140, 157, 176, '/images/products/3c9ff29f-c0db-4d96-91ae.jpeg', '2021-05-12 01:45:12'),
(1817, 116, 140, 157, 176, '/images/products/6df2cf50-36bf-4c97-a402.jpeg', '2021-05-12 01:45:12'),
(1818, 116, 140, 157, 176, '[object Object]', '2021-05-12 01:45:12'),
(1819, 116, 140, 157, 176, '[object Object]', '2021-05-12 01:45:12'),
(1820, 116, 140, 157, 176, '[object Object]', '2021-05-12 01:45:12'),
(1821, 116, 140, 157, 176, '[object Object]', '2021-05-12 01:45:12'),
(1822, 116, 140, 157, 176, '[object Object]', '2021-05-12 01:45:12'),
(1823, 116, 140, 157, 176, '[object Object]', '2021-05-12 01:45:12'),
(1824, 116, 140, 157, 176, '/images/products/2a0257ea-7bff-4e88-8ad6.jpeg', '2021-05-12 01:45:12'),
(1825, 116, 140, 157, 176, '/images/products/96f4c6e1-1204-4e45-9306.jpeg', '2021-05-12 01:45:12'),
(1826, 116, 140, 157, 176, '/images/products/eef6404b-9f06-4f34-8bb8.jpeg', '2021-05-12 01:45:13'),
(1827, 116, 140, 157, 176, '/images/products/36aa09c7-24fe-4803-af36.jpeg', '2021-05-12 01:45:13'),
(1828, 116, 140, 157, 176, '/images/products/12e2eb03-5a39-4051-b643.jpeg', '2021-05-12 01:45:13'),
(1829, 116, 140, 157, 176, '/images/products/2779c513-8cb4-4947-932a.jpeg', '2021-05-12 01:45:13'),
(1830, 117, 137, 141, 178, '/images/products/c4f8598a-8e79-4fc2-89a5.jpeg', '2021-05-12 02:10:23'),
(1831, 117, 137, 141, 178, '/images/products/7b01d93f-fd28-4121-8105.jpeg', '2021-05-12 02:10:24'),
(1832, 117, 137, 141, 178, '/images/products/7dae9263-5307-404e-a875.jpeg', '2021-05-12 02:10:24'),
(1833, 117, 137, 141, 178, '/images/products/7fd5c73f-c702-49db-9e22.jpeg', '2021-05-12 02:10:24'),
(1834, 117, 137, 141, 178, '/images/products/ffb9f343-4798-4376-a7c5.jpeg', '2021-05-12 02:10:24'),
(1835, 117, 137, 141, 178, '/images/products/e88eb67c-7eb8-4efa-ba7c.jpeg', '2021-05-12 02:10:24'),
(1836, 117, 137, 141, 178, '/images/products/3a4e8fe7-0d97-4b54-b582.jpeg', '2021-05-12 02:10:24'),
(1837, 117, 137, 141, 178, '/images/products/611f077f-1ceb-4196-ad9d.jpeg', '2021-05-12 02:10:24'),
(1838, 117, 137, 141, 178, '/images/products/345dc714-8f17-4eb8-9d41.jpeg', '2021-05-12 02:10:24'),
(1839, 117, 137, 141, 178, '/images/products/d223d4da-d2c3-4c25-9d1d.jpeg', '2021-05-12 02:10:24'),
(1840, 118, 137, 141, 178, '/images/products/c4f8598a-8e79-4fc2-89a5.jpeg', '2021-05-12 02:11:49'),
(1841, 118, 137, 141, 178, '/images/products/7b01d93f-fd28-4121-8105.jpeg', '2021-05-12 02:11:49'),
(1842, 118, 137, 141, 178, '/images/products/7dae9263-5307-404e-a875.jpeg', '2021-05-12 02:11:49'),
(1843, 118, 137, 141, 178, '/images/products/7fd5c73f-c702-49db-9e22.jpeg', '2021-05-12 02:11:49'),
(1844, 118, 137, 141, 178, '/images/products/ffb9f343-4798-4376-a7c5.jpeg', '2021-05-12 02:11:49'),
(1845, 118, 137, 141, 178, '/images/products/e88eb67c-7eb8-4efa-ba7c.jpeg', '2021-05-12 02:11:49'),
(1846, 118, 137, 141, 178, '/images/products/3a4e8fe7-0d97-4b54-b582.jpeg', '2021-05-12 02:11:49'),
(1847, 118, 137, 141, 178, '/images/products/611f077f-1ceb-4196-ad9d.jpeg', '2021-05-12 02:11:49'),
(1848, 118, 137, 141, 178, '/images/products/345dc714-8f17-4eb8-9d41.jpeg', '2021-05-12 02:11:49'),
(1849, 118, 137, 141, 178, '/images/products/d223d4da-d2c3-4c25-9d1d.jpeg', '2021-05-12 02:11:49'),
(1850, 118, 137, 141, 178, '/images/products/1b20ca25-3552-4a14-aa2f.jpeg', '2021-05-12 02:11:49'),
(1851, 118, 137, 141, 178, '/images/products/bfafbc99-7a2f-4bce-960b.jpeg', '2021-05-12 02:11:49'),
(1852, 118, 137, 141, 178, '/images/products/cea362b3-1e31-4479-b202.jpeg', '2021-05-12 02:11:49'),
(1853, 119, 137, 141, 178, '/images/products/c4f8598a-8e79-4fc2-89a5.jpeg', '2021-05-12 02:13:03'),
(1854, 119, 137, 141, 178, '/images/products/7b01d93f-fd28-4121-8105.jpeg', '2021-05-12 02:13:03'),
(1855, 119, 137, 141, 178, '/images/products/7dae9263-5307-404e-a875.jpeg', '2021-05-12 02:13:03'),
(1856, 119, 137, 141, 178, '/images/products/7fd5c73f-c702-49db-9e22.jpeg', '2021-05-12 02:13:03'),
(1857, 119, 137, 141, 178, '/images/products/ffb9f343-4798-4376-a7c5.jpeg', '2021-05-12 02:13:03'),
(1858, 119, 137, 141, 178, '/images/products/e88eb67c-7eb8-4efa-ba7c.jpeg', '2021-05-12 02:13:03'),
(1859, 119, 137, 141, 178, '/images/products/3a4e8fe7-0d97-4b54-b582.jpeg', '2021-05-12 02:13:03'),
(1860, 119, 137, 141, 178, '/images/products/611f077f-1ceb-4196-ad9d.jpeg', '2021-05-12 02:13:03'),
(1861, 119, 137, 141, 178, '/images/products/345dc714-8f17-4eb8-9d41.jpeg', '2021-05-12 02:13:03'),
(1862, 119, 137, 141, 178, '/images/products/d223d4da-d2c3-4c25-9d1d.jpeg', '2021-05-12 02:13:03'),
(1863, 119, 137, 141, 178, '/images/products/1b20ca25-3552-4a14-aa2f.jpeg', '2021-05-12 02:13:03'),
(1864, 119, 137, 141, 178, '/images/products/bfafbc99-7a2f-4bce-960b.jpeg', '2021-05-12 02:13:03'),
(1865, 119, 137, 141, 178, '/images/products/cea362b3-1e31-4479-b202.jpeg', '2021-05-12 02:13:03'),
(1866, 119, 137, 141, 178, '/images/products/91bcead8-5d6e-4f8d-975b.jpeg', '2021-05-12 02:13:03'),
(1867, 119, 137, 141, 178, '/images/products/95b6381a-79a8-4975-82eb.jpeg', '2021-05-12 02:13:03'),
(1868, 120, 137, 141, 177, '/images/products/c4f8598a-8e79-4fc2-89a5.jpeg', '2021-05-12 02:15:11'),
(1869, 120, 137, 141, 177, '/images/products/7b01d93f-fd28-4121-8105.jpeg', '2021-05-12 02:15:11'),
(1870, 120, 137, 141, 177, '/images/products/7dae9263-5307-404e-a875.jpeg', '2021-05-12 02:15:11'),
(1871, 120, 137, 141, 177, '/images/products/7fd5c73f-c702-49db-9e22.jpeg', '2021-05-12 02:15:11'),
(1872, 120, 137, 141, 177, '/images/products/ffb9f343-4798-4376-a7c5.jpeg', '2021-05-12 02:15:11'),
(1873, 120, 137, 141, 177, '/images/products/e88eb67c-7eb8-4efa-ba7c.jpeg', '2021-05-12 02:15:11'),
(1874, 120, 137, 141, 177, '/images/products/3a4e8fe7-0d97-4b54-b582.jpeg', '2021-05-12 02:15:11'),
(1875, 120, 137, 141, 177, '/images/products/611f077f-1ceb-4196-ad9d.jpeg', '2021-05-12 02:15:11'),
(1876, 120, 137, 141, 177, '/images/products/345dc714-8f17-4eb8-9d41.jpeg', '2021-05-12 02:15:11'),
(1877, 120, 137, 141, 177, '/images/products/d223d4da-d2c3-4c25-9d1d.jpeg', '2021-05-12 02:15:11'),
(1878, 120, 137, 141, 177, '/images/products/1b20ca25-3552-4a14-aa2f.jpeg', '2021-05-12 02:15:11'),
(1879, 120, 137, 141, 177, '/images/products/bfafbc99-7a2f-4bce-960b.jpeg', '2021-05-12 02:15:11'),
(1880, 120, 137, 141, 177, '/images/products/cea362b3-1e31-4479-b202.jpeg', '2021-05-12 02:15:11'),
(1881, 120, 137, 141, 177, '/images/products/91bcead8-5d6e-4f8d-975b.jpeg', '2021-05-12 02:15:12'),
(1882, 120, 137, 141, 177, '/images/products/95b6381a-79a8-4975-82eb.jpeg', '2021-05-12 02:15:12'),
(1883, 120, 137, 141, 177, '/images/products/8313ef3e-972e-4490-be0a.jpeg', '2021-05-12 02:15:12'),
(1884, 121, 137, 141, 177, '/images/products/c4f8598a-8e79-4fc2-89a5.jpeg', '2021-05-12 02:15:53'),
(1885, 121, 137, 141, 177, '/images/products/7b01d93f-fd28-4121-8105.jpeg', '2021-05-12 02:15:53'),
(1886, 121, 137, 141, 177, '/images/products/7dae9263-5307-404e-a875.jpeg', '2021-05-12 02:15:53'),
(1887, 121, 137, 141, 177, '/images/products/7fd5c73f-c702-49db-9e22.jpeg', '2021-05-12 02:15:53'),
(1888, 121, 137, 141, 177, '/images/products/ffb9f343-4798-4376-a7c5.jpeg', '2021-05-12 02:15:53'),
(1889, 121, 137, 141, 177, '/images/products/e88eb67c-7eb8-4efa-ba7c.jpeg', '2021-05-12 02:15:53'),
(1890, 121, 137, 141, 177, '/images/products/3a4e8fe7-0d97-4b54-b582.jpeg', '2021-05-12 02:15:53'),
(1891, 121, 137, 141, 177, '/images/products/611f077f-1ceb-4196-ad9d.jpeg', '2021-05-12 02:15:53'),
(1892, 121, 137, 141, 177, '/images/products/345dc714-8f17-4eb8-9d41.jpeg', '2021-05-12 02:15:53'),
(1893, 121, 137, 141, 177, '/images/products/d223d4da-d2c3-4c25-9d1d.jpeg', '2021-05-12 02:15:53'),
(1894, 121, 137, 141, 177, '/images/products/1b20ca25-3552-4a14-aa2f.jpeg', '2021-05-12 02:15:54'),
(1895, 121, 137, 141, 177, '/images/products/bfafbc99-7a2f-4bce-960b.jpeg', '2021-05-12 02:15:54'),
(1896, 121, 137, 141, 177, '/images/products/cea362b3-1e31-4479-b202.jpeg', '2021-05-12 02:15:54'),
(1897, 121, 137, 141, 177, '/images/products/91bcead8-5d6e-4f8d-975b.jpeg', '2021-05-12 02:15:54'),
(1898, 121, 137, 141, 177, '/images/products/95b6381a-79a8-4975-82eb.jpeg', '2021-05-12 02:15:54'),
(1899, 121, 137, 141, 177, '/images/products/8313ef3e-972e-4490-be0a.jpeg', '2021-05-12 02:15:54'),
(1900, 121, 137, 141, 177, '/images/products/0f72a64e-62ba-4c6f-b2f5.jpeg', '2021-05-12 02:15:54'),
(1901, 121, 137, 141, 177, '/images/products/f1c50d18-7b59-4c48-a064.jpeg', '2021-05-12 02:15:54'),
(1902, 122, 137, 141, 177, '/images/products/c4f8598a-8e79-4fc2-89a5.jpeg', '2021-05-12 02:16:59'),
(1903, 122, 137, 141, 177, '/images/products/7b01d93f-fd28-4121-8105.jpeg', '2021-05-12 02:16:59'),
(1904, 122, 137, 141, 177, '/images/products/7dae9263-5307-404e-a875.jpeg', '2021-05-12 02:16:59'),
(1905, 122, 137, 141, 177, '/images/products/7fd5c73f-c702-49db-9e22.jpeg', '2021-05-12 02:16:59'),
(1906, 122, 137, 141, 177, '/images/products/ffb9f343-4798-4376-a7c5.jpeg', '2021-05-12 02:16:59'),
(1907, 122, 137, 141, 177, '/images/products/e88eb67c-7eb8-4efa-ba7c.jpeg', '2021-05-12 02:16:59'),
(1908, 122, 137, 141, 177, '/images/products/3a4e8fe7-0d97-4b54-b582.jpeg', '2021-05-12 02:16:59'),
(1909, 122, 137, 141, 177, '/images/products/611f077f-1ceb-4196-ad9d.jpeg', '2021-05-12 02:17:00'),
(1910, 122, 137, 141, 177, '/images/products/345dc714-8f17-4eb8-9d41.jpeg', '2021-05-12 02:17:00'),
(1911, 122, 137, 141, 177, '/images/products/d223d4da-d2c3-4c25-9d1d.jpeg', '2021-05-12 02:17:00'),
(1912, 122, 137, 141, 177, '/images/products/1b20ca25-3552-4a14-aa2f.jpeg', '2021-05-12 02:17:00'),
(1913, 122, 137, 141, 177, '/images/products/bfafbc99-7a2f-4bce-960b.jpeg', '2021-05-12 02:17:00'),
(1914, 122, 137, 141, 177, '/images/products/cea362b3-1e31-4479-b202.jpeg', '2021-05-12 02:17:00'),
(1915, 122, 137, 141, 177, '/images/products/91bcead8-5d6e-4f8d-975b.jpeg', '2021-05-12 02:17:00'),
(1916, 122, 137, 141, 177, '/images/products/95b6381a-79a8-4975-82eb.jpeg', '2021-05-12 02:17:00'),
(1917, 122, 137, 141, 177, '/images/products/8313ef3e-972e-4490-be0a.jpeg', '2021-05-12 02:17:00'),
(1918, 122, 137, 141, 177, '/images/products/0f72a64e-62ba-4c6f-b2f5.jpeg', '2021-05-12 02:17:00'),
(1919, 122, 137, 141, 177, '/images/products/f1c50d18-7b59-4c48-a064.jpeg', '2021-05-12 02:17:00'),
(1920, 122, 137, 141, 177, '/images/products/f62b3b39-18df-481b-887d.jpeg', '2021-05-12 02:17:00'),
(1921, 123, 137, 141, 177, '/images/products/c4f8598a-8e79-4fc2-89a5.jpeg', '2021-05-12 02:18:08'),
(1922, 123, 137, 141, 177, '/images/products/7b01d93f-fd28-4121-8105.jpeg', '2021-05-12 02:18:08'),
(1923, 123, 137, 141, 177, '/images/products/7dae9263-5307-404e-a875.jpeg', '2021-05-12 02:18:08'),
(1924, 123, 137, 141, 177, '/images/products/7fd5c73f-c702-49db-9e22.jpeg', '2021-05-12 02:18:08'),
(1925, 123, 137, 141, 177, '/images/products/ffb9f343-4798-4376-a7c5.jpeg', '2021-05-12 02:18:08'),
(1926, 123, 137, 141, 177, '/images/products/e88eb67c-7eb8-4efa-ba7c.jpeg', '2021-05-12 02:18:08'),
(1927, 123, 137, 141, 177, '/images/products/3a4e8fe7-0d97-4b54-b582.jpeg', '2021-05-12 02:18:08'),
(1928, 123, 137, 141, 177, '/images/products/611f077f-1ceb-4196-ad9d.jpeg', '2021-05-12 02:18:08'),
(1929, 123, 137, 141, 177, '/images/products/345dc714-8f17-4eb8-9d41.jpeg', '2021-05-12 02:18:08'),
(1930, 123, 137, 141, 177, '/images/products/d223d4da-d2c3-4c25-9d1d.jpeg', '2021-05-12 02:18:08'),
(1931, 123, 137, 141, 177, '/images/products/1b20ca25-3552-4a14-aa2f.jpeg', '2021-05-12 02:18:08'),
(1932, 123, 137, 141, 177, '/images/products/bfafbc99-7a2f-4bce-960b.jpeg', '2021-05-12 02:18:08'),
(1933, 123, 137, 141, 177, '/images/products/cea362b3-1e31-4479-b202.jpeg', '2021-05-12 02:18:08'),
(1934, 123, 137, 141, 177, '/images/products/91bcead8-5d6e-4f8d-975b.jpeg', '2021-05-12 02:18:08'),
(1935, 123, 137, 141, 177, '/images/products/95b6381a-79a8-4975-82eb.jpeg', '2021-05-12 02:18:08'),
(1936, 123, 137, 141, 177, '/images/products/8313ef3e-972e-4490-be0a.jpeg', '2021-05-12 02:18:08'),
(1937, 123, 137, 141, 177, '/images/products/0f72a64e-62ba-4c6f-b2f5.jpeg', '2021-05-12 02:18:08'),
(1938, 123, 137, 141, 177, '/images/products/f1c50d18-7b59-4c48-a064.jpeg', '2021-05-12 02:18:08'),
(1939, 123, 137, 141, 177, '/images/products/f62b3b39-18df-481b-887d.jpeg', '2021-05-12 02:18:09'),
(1940, 123, 137, 141, 177, '/images/products/8650ab96-58ce-44b5-990f.jpeg', '2021-05-12 02:18:09'),
(1941, 123, 137, 141, 177, '/images/products/758c5593-1096-4a27-9d80.jpeg', '2021-05-12 02:18:09'),
(1942, 124, 137, 142, 179, '/images/products/c4f8598a-8e79-4fc2-89a5.jpeg', '2021-05-12 02:20:08'),
(1943, 124, 137, 142, 179, '/images/products/7b01d93f-fd28-4121-8105.jpeg', '2021-05-12 02:20:08'),
(1944, 124, 137, 142, 179, '/images/products/7dae9263-5307-404e-a875.jpeg', '2021-05-12 02:20:08'),
(1945, 124, 137, 142, 179, '/images/products/7fd5c73f-c702-49db-9e22.jpeg', '2021-05-12 02:20:08'),
(1946, 124, 137, 142, 179, '/images/products/ffb9f343-4798-4376-a7c5.jpeg', '2021-05-12 02:20:08'),
(1947, 124, 137, 142, 179, '/images/products/e88eb67c-7eb8-4efa-ba7c.jpeg', '2021-05-12 02:20:08'),
(1948, 124, 137, 142, 179, '/images/products/3a4e8fe7-0d97-4b54-b582.jpeg', '2021-05-12 02:20:08'),
(1949, 124, 137, 142, 179, '/images/products/611f077f-1ceb-4196-ad9d.jpeg', '2021-05-12 02:20:08'),
(1950, 124, 137, 142, 179, '/images/products/345dc714-8f17-4eb8-9d41.jpeg', '2021-05-12 02:20:08'),
(1951, 124, 137, 142, 179, '/images/products/d223d4da-d2c3-4c25-9d1d.jpeg', '2021-05-12 02:20:08'),
(1952, 124, 137, 142, 179, '/images/products/1b20ca25-3552-4a14-aa2f.jpeg', '2021-05-12 02:20:08'),
(1953, 124, 137, 142, 179, '/images/products/bfafbc99-7a2f-4bce-960b.jpeg', '2021-05-12 02:20:08'),
(1954, 124, 137, 142, 179, '/images/products/cea362b3-1e31-4479-b202.jpeg', '2021-05-12 02:20:08'),
(1955, 124, 137, 142, 179, '/images/products/91bcead8-5d6e-4f8d-975b.jpeg', '2021-05-12 02:20:08'),
(1956, 124, 137, 142, 179, '/images/products/95b6381a-79a8-4975-82eb.jpeg', '2021-05-12 02:20:08'),
(1957, 124, 137, 142, 179, '/images/products/8313ef3e-972e-4490-be0a.jpeg', '2021-05-12 02:20:08'),
(1958, 124, 137, 142, 179, '/images/products/0f72a64e-62ba-4c6f-b2f5.jpeg', '2021-05-12 02:20:08'),
(1959, 124, 137, 142, 179, '/images/products/f1c50d18-7b59-4c48-a064.jpeg', '2021-05-12 02:20:08'),
(1960, 124, 137, 142, 179, '/images/products/f62b3b39-18df-481b-887d.jpeg', '2021-05-12 02:20:08'),
(1961, 124, 137, 142, 179, '/images/products/8650ab96-58ce-44b5-990f.jpeg', '2021-05-12 02:20:08'),
(1962, 124, 137, 142, 179, '/images/products/758c5593-1096-4a27-9d80.jpeg', '2021-05-12 02:20:08'),
(1963, 124, 137, 142, 179, '/images/products/0b353a2b-a1fd-40eb-a9b2.jpeg', '2021-05-12 02:20:09'),
(1964, 125, 137, 142, 179, '/images/products/c4f8598a-8e79-4fc2-89a5.jpeg', '2021-05-12 02:21:30'),
(1965, 125, 137, 142, 179, '/images/products/7b01d93f-fd28-4121-8105.jpeg', '2021-05-12 02:21:30'),
(1966, 125, 137, 142, 179, '/images/products/7dae9263-5307-404e-a875.jpeg', '2021-05-12 02:21:30'),
(1967, 125, 137, 142, 179, '/images/products/7fd5c73f-c702-49db-9e22.jpeg', '2021-05-12 02:21:30'),
(1968, 125, 137, 142, 179, '/images/products/ffb9f343-4798-4376-a7c5.jpeg', '2021-05-12 02:21:31'),
(1969, 125, 137, 142, 179, '/images/products/e88eb67c-7eb8-4efa-ba7c.jpeg', '2021-05-12 02:21:31'),
(1970, 125, 137, 142, 179, '/images/products/3a4e8fe7-0d97-4b54-b582.jpeg', '2021-05-12 02:21:31'),
(1971, 125, 137, 142, 179, '/images/products/611f077f-1ceb-4196-ad9d.jpeg', '2021-05-12 02:21:31'),
(1972, 125, 137, 142, 179, '/images/products/345dc714-8f17-4eb8-9d41.jpeg', '2021-05-12 02:21:31'),
(1973, 125, 137, 142, 179, '/images/products/d223d4da-d2c3-4c25-9d1d.jpeg', '2021-05-12 02:21:31'),
(1974, 125, 137, 142, 179, '/images/products/1b20ca25-3552-4a14-aa2f.jpeg', '2021-05-12 02:21:31'),
(1975, 125, 137, 142, 179, '/images/products/bfafbc99-7a2f-4bce-960b.jpeg', '2021-05-12 02:21:31'),
(1976, 125, 137, 142, 179, '/images/products/cea362b3-1e31-4479-b202.jpeg', '2021-05-12 02:21:31'),
(1977, 125, 137, 142, 179, '/images/products/91bcead8-5d6e-4f8d-975b.jpeg', '2021-05-12 02:21:31'),
(1978, 125, 137, 142, 179, '/images/products/95b6381a-79a8-4975-82eb.jpeg', '2021-05-12 02:21:31'),
(1979, 125, 137, 142, 179, '/images/products/8313ef3e-972e-4490-be0a.jpeg', '2021-05-12 02:21:31'),
(1980, 125, 137, 142, 179, '/images/products/0f72a64e-62ba-4c6f-b2f5.jpeg', '2021-05-12 02:21:31'),
(1981, 125, 137, 142, 179, '/images/products/f1c50d18-7b59-4c48-a064.jpeg', '2021-05-12 02:21:31'),
(1982, 125, 137, 142, 179, '/images/products/f62b3b39-18df-481b-887d.jpeg', '2021-05-12 02:21:31'),
(1983, 125, 137, 142, 179, '/images/products/8650ab96-58ce-44b5-990f.jpeg', '2021-05-12 02:21:31'),
(1984, 125, 137, 142, 179, '/images/products/758c5593-1096-4a27-9d80.jpeg', '2021-05-12 02:21:31'),
(1985, 125, 137, 142, 179, '/images/products/0b353a2b-a1fd-40eb-a9b2.jpeg', '2021-05-12 02:21:31'),
(1986, 125, 137, 142, 179, '/images/products/99b2cb01-f742-49bb-90f3.jpeg', '2021-05-12 02:21:31'),
(1987, 125, 137, 142, 179, '/images/products/528aa087-296a-4a18-a1a5.jpeg', '2021-05-12 02:21:31'),
(1988, 126, 137, 142, 179, '/images/products/c4f8598a-8e79-4fc2-89a5.jpeg', '2021-05-12 02:22:30'),
(1989, 126, 137, 142, 179, '/images/products/7b01d93f-fd28-4121-8105.jpeg', '2021-05-12 02:22:30'),
(1990, 126, 137, 142, 179, '/images/products/7dae9263-5307-404e-a875.jpeg', '2021-05-12 02:22:30'),
(1991, 126, 137, 142, 179, '/images/products/7fd5c73f-c702-49db-9e22.jpeg', '2021-05-12 02:22:30'),
(1992, 126, 137, 142, 179, '/images/products/ffb9f343-4798-4376-a7c5.jpeg', '2021-05-12 02:22:30'),
(1993, 126, 137, 142, 179, '/images/products/e88eb67c-7eb8-4efa-ba7c.jpeg', '2021-05-12 02:22:30'),
(1994, 126, 137, 142, 179, '/images/products/3a4e8fe7-0d97-4b54-b582.jpeg', '2021-05-12 02:22:30'),
(1995, 126, 137, 142, 179, '/images/products/611f077f-1ceb-4196-ad9d.jpeg', '2021-05-12 02:22:30'),
(1996, 126, 137, 142, 179, '/images/products/345dc714-8f17-4eb8-9d41.jpeg', '2021-05-12 02:22:30'),
(1997, 126, 137, 142, 179, '/images/products/d223d4da-d2c3-4c25-9d1d.jpeg', '2021-05-12 02:22:30'),
(1998, 126, 137, 142, 179, '/images/products/1b20ca25-3552-4a14-aa2f.jpeg', '2021-05-12 02:22:30'),
(1999, 126, 137, 142, 179, '/images/products/bfafbc99-7a2f-4bce-960b.jpeg', '2021-05-12 02:22:30'),
(2000, 126, 137, 142, 179, '/images/products/cea362b3-1e31-4479-b202.jpeg', '2021-05-12 02:22:30'),
(2001, 126, 137, 142, 179, '/images/products/91bcead8-5d6e-4f8d-975b.jpeg', '2021-05-12 02:22:30'),
(2002, 126, 137, 142, 179, '/images/products/95b6381a-79a8-4975-82eb.jpeg', '2021-05-12 02:22:30'),
(2003, 126, 137, 142, 179, '/images/products/8313ef3e-972e-4490-be0a.jpeg', '2021-05-12 02:22:30'),
(2004, 126, 137, 142, 179, '/images/products/0f72a64e-62ba-4c6f-b2f5.jpeg', '2021-05-12 02:22:30'),
(2005, 126, 137, 142, 179, '/images/products/f1c50d18-7b59-4c48-a064.jpeg', '2021-05-12 02:22:30'),
(2006, 126, 137, 142, 179, '/images/products/f62b3b39-18df-481b-887d.jpeg', '2021-05-12 02:22:31'),
(2007, 126, 137, 142, 179, '/images/products/8650ab96-58ce-44b5-990f.jpeg', '2021-05-12 02:22:31'),
(2008, 126, 137, 142, 179, '/images/products/758c5593-1096-4a27-9d80.jpeg', '2021-05-12 02:22:31'),
(2009, 126, 137, 142, 179, '/images/products/0b353a2b-a1fd-40eb-a9b2.jpeg', '2021-05-12 02:22:31'),
(2010, 126, 137, 142, 179, '/images/products/99b2cb01-f742-49bb-90f3.jpeg', '2021-05-12 02:22:31'),
(2011, 126, 137, 142, 179, '/images/products/528aa087-296a-4a18-a1a5.jpeg', '2021-05-12 02:22:31'),
(2012, 126, 137, 142, 179, '/images/products/c02bdb27-bc33-480c-be2a.jpeg', '2021-05-12 02:22:31'),
(2013, 126, 137, 142, 179, '/images/products/4ac67952-64f7-4a1c-af45.jpeg', '2021-05-12 02:22:31'),
(2014, 126, 137, 142, 179, '/images/products/3bfac244-4ccf-4b73-b5c6.jpeg', '2021-05-12 02:22:31'),
(2015, 127, 137, 142, 179, '/images/products/c4f8598a-8e79-4fc2-89a5.jpeg', '2021-05-12 02:25:12'),
(2016, 127, 137, 142, 179, '/images/products/7b01d93f-fd28-4121-8105.jpeg', '2021-05-12 02:25:12'),
(2017, 127, 137, 142, 179, '/images/products/7dae9263-5307-404e-a875.jpeg', '2021-05-12 02:25:12'),
(2018, 127, 137, 142, 179, '/images/products/7fd5c73f-c702-49db-9e22.jpeg', '2021-05-12 02:25:12'),
(2019, 127, 137, 142, 179, '/images/products/ffb9f343-4798-4376-a7c5.jpeg', '2021-05-12 02:25:12'),
(2020, 127, 137, 142, 179, '/images/products/e88eb67c-7eb8-4efa-ba7c.jpeg', '2021-05-12 02:25:12'),
(2021, 127, 137, 142, 179, '/images/products/3a4e8fe7-0d97-4b54-b582.jpeg', '2021-05-12 02:25:12'),
(2022, 127, 137, 142, 179, '/images/products/611f077f-1ceb-4196-ad9d.jpeg', '2021-05-12 02:25:12'),
(2023, 127, 137, 142, 179, '/images/products/345dc714-8f17-4eb8-9d41.jpeg', '2021-05-12 02:25:12'),
(2024, 127, 137, 142, 179, '/images/products/d223d4da-d2c3-4c25-9d1d.jpeg', '2021-05-12 02:25:12'),
(2025, 127, 137, 142, 179, '/images/products/1b20ca25-3552-4a14-aa2f.jpeg', '2021-05-12 02:25:12'),
(2026, 127, 137, 142, 179, '/images/products/bfafbc99-7a2f-4bce-960b.jpeg', '2021-05-12 02:25:13'),
(2027, 127, 137, 142, 179, '/images/products/cea362b3-1e31-4479-b202.jpeg', '2021-05-12 02:25:13'),
(2028, 127, 137, 142, 179, '/images/products/91bcead8-5d6e-4f8d-975b.jpeg', '2021-05-12 02:25:13'),
(2029, 127, 137, 142, 179, '/images/products/95b6381a-79a8-4975-82eb.jpeg', '2021-05-12 02:25:13'),
(2030, 127, 137, 142, 179, '/images/products/8313ef3e-972e-4490-be0a.jpeg', '2021-05-12 02:25:13'),
(2031, 127, 137, 142, 179, '/images/products/0f72a64e-62ba-4c6f-b2f5.jpeg', '2021-05-12 02:25:13'),
(2032, 127, 137, 142, 179, '/images/products/f1c50d18-7b59-4c48-a064.jpeg', '2021-05-12 02:25:13'),
(2033, 127, 137, 142, 179, '/images/products/f62b3b39-18df-481b-887d.jpeg', '2021-05-12 02:25:13'),
(2034, 127, 137, 142, 179, '/images/products/8650ab96-58ce-44b5-990f.jpeg', '2021-05-12 02:25:13'),
(2035, 127, 137, 142, 179, '/images/products/758c5593-1096-4a27-9d80.jpeg', '2021-05-12 02:25:13'),
(2036, 127, 137, 142, 179, '/images/products/0b353a2b-a1fd-40eb-a9b2.jpeg', '2021-05-12 02:25:13'),
(2037, 127, 137, 142, 179, '/images/products/99b2cb01-f742-49bb-90f3.jpeg', '2021-05-12 02:25:13'),
(2038, 127, 137, 142, 179, '/images/products/528aa087-296a-4a18-a1a5.jpeg', '2021-05-12 02:25:13'),
(2039, 127, 137, 142, 179, '/images/products/c02bdb27-bc33-480c-be2a.jpeg', '2021-05-12 02:25:13'),
(2040, 127, 137, 142, 179, '/images/products/4ac67952-64f7-4a1c-af45.jpeg', '2021-05-12 02:25:13'),
(2041, 127, 137, 142, 179, '/images/products/3bfac244-4ccf-4b73-b5c6.jpeg', '2021-05-12 02:25:13'),
(2042, 127, 137, 142, 179, '/images/products/2d619b5d-45ab-4dde-b1f5.jpeg', '2021-05-12 02:25:13'),
(2043, 127, 137, 142, 179, '/images/products/377e0f6f-085b-4024-b56a.jpeg', '2021-05-12 02:25:13'),
(2044, 128, 137, 143, NULL, '/images/products/6f96a943-335c-4b64-aaea.jpeg', '2021-05-12 02:29:17'),
(2045, 128, 137, 143, NULL, '/images/products/14b5e0e2-5d13-4ab2-8823.jpeg', '2021-05-12 02:29:17'),
(2046, 129, 137, 143, NULL, '/images/products/6f96a943-335c-4b64-aaea.jpeg', '2021-05-12 02:30:54'),
(2047, 129, 137, 143, NULL, '/images/products/14b5e0e2-5d13-4ab2-8823.jpeg', '2021-05-12 02:30:54'),
(2048, 129, 137, 143, NULL, '/images/products/770d398f-7b02-47c5-83b6.jpeg', '2021-05-12 02:30:54'),
(2049, 129, 137, 143, NULL, '/images/products/6f96a943-335c-4b64-aaea.jpeg', '2021-05-12 02:30:54'),
(2050, 129, 137, 143, NULL, '/images/products/14b5e0e2-5d13-4ab2-8823.jpeg', '2021-05-12 02:30:54'),
(2051, 129, 137, 143, NULL, '/images/products/770d398f-7b02-47c5-83b6.jpeg', '2021-05-12 02:30:54'),
(2052, 130, 137, 143, NULL, '/images/products/6f96a943-335c-4b64-aaea.jpeg', '2021-05-12 02:32:02'),
(2053, 130, 137, 143, NULL, '/images/products/14b5e0e2-5d13-4ab2-8823.jpeg', '2021-05-12 02:32:02'),
(2054, 130, 137, 143, NULL, '/images/products/770d398f-7b02-47c5-83b6.jpeg', '2021-05-12 02:32:02'),
(2055, 130, 137, 143, NULL, '/images/products/f3c16d47-9745-485b-9b74.jpeg', '2021-05-12 02:32:02'),
(2056, 130, 137, 143, NULL, '/images/products/0a968034-3224-4e80-83dd.jpeg', '2021-05-12 02:32:02'),
(2057, 130, 137, 143, NULL, '/images/products/6f96a943-335c-4b64-aaea.jpeg', '2021-05-12 02:32:02'),
(2058, 130, 137, 143, NULL, '/images/products/14b5e0e2-5d13-4ab2-8823.jpeg', '2021-05-12 02:32:02'),
(2059, 130, 137, 143, NULL, '/images/products/770d398f-7b02-47c5-83b6.jpeg', '2021-05-12 02:32:02'),
(2060, 130, 137, 143, NULL, '/images/products/f3c16d47-9745-485b-9b74.jpeg', '2021-05-12 02:32:02'),
(2061, 130, 137, 143, NULL, '/images/products/0a968034-3224-4e80-83dd.jpeg', '2021-05-12 02:32:02'),
(2062, 131, 137, 144, 181, '/images/products/6f96a943-335c-4b64-aaea.jpeg', '2021-05-12 02:34:18'),
(2063, 131, 137, 144, 181, '/images/products/14b5e0e2-5d13-4ab2-8823.jpeg', '2021-05-12 02:34:18'),
(2064, 131, 137, 144, 181, '/images/products/770d398f-7b02-47c5-83b6.jpeg', '2021-05-12 02:34:18'),
(2065, 131, 137, 144, 181, '/images/products/f3c16d47-9745-485b-9b74.jpeg', '2021-05-12 02:34:18'),
(2066, 131, 137, 144, 181, '/images/products/0a968034-3224-4e80-83dd.jpeg', '2021-05-12 02:34:18'),
(2067, 131, 137, 144, 181, '/images/products/2b5532e7-dd86-4246-b53b.jpeg', '2021-05-12 02:34:18'),
(2068, 131, 137, 144, 181, '/images/products/6f96a943-335c-4b64-aaea.jpeg', '2021-05-12 02:34:18'),
(2069, 131, 137, 144, 181, '/images/products/14b5e0e2-5d13-4ab2-8823.jpeg', '2021-05-12 02:34:18'),
(2070, 131, 137, 144, 181, '/images/products/770d398f-7b02-47c5-83b6.jpeg', '2021-05-12 02:34:18'),
(2071, 131, 137, 144, 181, '/images/products/f3c16d47-9745-485b-9b74.jpeg', '2021-05-12 02:34:18'),
(2072, 131, 137, 144, 181, '/images/products/0a968034-3224-4e80-83dd.jpeg', '2021-05-12 02:34:18'),
(2073, 131, 137, 144, 181, '/images/products/2b5532e7-dd86-4246-b53b.jpeg', '2021-05-12 02:34:18'),
(2074, 132, 137, 144, 181, '/images/products/6f96a943-335c-4b64-aaea.jpeg', '2021-05-12 02:35:15'),
(2075, 132, 137, 144, 181, '/images/products/14b5e0e2-5d13-4ab2-8823.jpeg', '2021-05-12 02:35:15'),
(2076, 132, 137, 144, 181, '/images/products/770d398f-7b02-47c5-83b6.jpeg', '2021-05-12 02:35:15'),
(2077, 132, 137, 144, 181, '/images/products/f3c16d47-9745-485b-9b74.jpeg', '2021-05-12 02:35:15'),
(2078, 132, 137, 144, 181, '/images/products/0a968034-3224-4e80-83dd.jpeg', '2021-05-12 02:35:15'),
(2079, 132, 137, 144, 181, '/images/products/2b5532e7-dd86-4246-b53b.jpeg', '2021-05-12 02:35:15'),
(2080, 132, 137, 144, 181, '/images/products/73c3ebab-9ba0-4077-b350.jpeg', '2021-05-12 02:35:15'),
(2081, 132, 137, 144, 181, '/images/products/6f96a943-335c-4b64-aaea.jpeg', '2021-05-12 02:35:15'),
(2082, 132, 137, 144, 181, '/images/products/14b5e0e2-5d13-4ab2-8823.jpeg', '2021-05-12 02:35:15'),
(2083, 132, 137, 144, 181, '/images/products/770d398f-7b02-47c5-83b6.jpeg', '2021-05-12 02:35:15'),
(2084, 132, 137, 144, 181, '/images/products/f3c16d47-9745-485b-9b74.jpeg', '2021-05-12 02:35:15'),
(2085, 132, 137, 144, 181, '/images/products/0a968034-3224-4e80-83dd.jpeg', '2021-05-12 02:35:16'),
(2086, 132, 137, 144, 181, '/images/products/2b5532e7-dd86-4246-b53b.jpeg', '2021-05-12 02:35:16'),
(2087, 132, 137, 144, 181, '/images/products/73c3ebab-9ba0-4077-b350.jpeg', '2021-05-12 02:35:16'),
(2088, 133, 137, 144, 181, '/images/products/6f96a943-335c-4b64-aaea.jpeg', '2021-05-12 02:37:05'),
(2089, 133, 137, 144, 181, '/images/products/14b5e0e2-5d13-4ab2-8823.jpeg', '2021-05-12 02:37:05'),
(2090, 133, 137, 144, 181, '/images/products/770d398f-7b02-47c5-83b6.jpeg', '2021-05-12 02:37:05'),
(2091, 133, 137, 144, 181, '/images/products/f3c16d47-9745-485b-9b74.jpeg', '2021-05-12 02:37:05'),
(2092, 133, 137, 144, 181, '/images/products/0a968034-3224-4e80-83dd.jpeg', '2021-05-12 02:37:06'),
(2093, 133, 137, 144, 181, '/images/products/2b5532e7-dd86-4246-b53b.jpeg', '2021-05-12 02:37:06'),
(2094, 133, 137, 144, 181, '/images/products/73c3ebab-9ba0-4077-b350.jpeg', '2021-05-12 02:37:06'),
(2095, 133, 137, 144, 181, '/images/products/6b316c9f-0584-4772-9ff6.jpeg', '2021-05-12 02:37:06');
INSERT INTO `images` (`id`, `productid`, `mainCategoryId`, `categoryId`, `subCategoryId`, `productListImage`, `createdDate`) VALUES
(2096, 133, 137, 144, 181, '/images/products/37e697fd-2fd4-415b-aa24.jpeg', '2021-05-12 02:37:06'),
(2097, 133, 137, 144, 181, '/images/products/6f96a943-335c-4b64-aaea.jpeg', '2021-05-12 02:37:06'),
(2098, 133, 137, 144, 181, '/images/products/14b5e0e2-5d13-4ab2-8823.jpeg', '2021-05-12 02:37:06'),
(2099, 133, 137, 144, 181, '/images/products/770d398f-7b02-47c5-83b6.jpeg', '2021-05-12 02:37:06'),
(2100, 133, 137, 144, 181, '/images/products/f3c16d47-9745-485b-9b74.jpeg', '2021-05-12 02:37:06'),
(2101, 133, 137, 144, 181, '/images/products/0a968034-3224-4e80-83dd.jpeg', '2021-05-12 02:37:06'),
(2102, 133, 137, 144, 181, '/images/products/2b5532e7-dd86-4246-b53b.jpeg', '2021-05-12 02:37:06'),
(2103, 133, 137, 144, 181, '/images/products/73c3ebab-9ba0-4077-b350.jpeg', '2021-05-12 02:37:06'),
(2104, 133, 137, 144, 181, '/images/products/6b316c9f-0584-4772-9ff6.jpeg', '2021-05-12 02:37:06'),
(2105, 133, 137, 144, 181, '/images/products/37e697fd-2fd4-415b-aa24.jpeg', '2021-05-12 02:37:06'),
(2106, 134, 137, 144, 181, '/images/products/6f96a943-335c-4b64-aaea.jpeg', '2021-05-12 02:38:30'),
(2107, 134, 137, 144, 181, '/images/products/14b5e0e2-5d13-4ab2-8823.jpeg', '2021-05-12 02:38:30'),
(2108, 134, 137, 144, 181, '/images/products/770d398f-7b02-47c5-83b6.jpeg', '2021-05-12 02:38:30'),
(2109, 134, 137, 144, 181, '/images/products/f3c16d47-9745-485b-9b74.jpeg', '2021-05-12 02:38:30'),
(2110, 134, 137, 144, 181, '/images/products/0a968034-3224-4e80-83dd.jpeg', '2021-05-12 02:38:30'),
(2111, 134, 137, 144, 181, '/images/products/2b5532e7-dd86-4246-b53b.jpeg', '2021-05-12 02:38:30'),
(2112, 134, 137, 144, 181, '/images/products/73c3ebab-9ba0-4077-b350.jpeg', '2021-05-12 02:38:30'),
(2113, 134, 137, 144, 181, '/images/products/6b316c9f-0584-4772-9ff6.jpeg', '2021-05-12 02:38:30'),
(2114, 134, 137, 144, 181, '/images/products/37e697fd-2fd4-415b-aa24.jpeg', '2021-05-12 02:38:30'),
(2115, 134, 137, 144, 181, '/images/products/949a7085-5c01-441d-a49a.jpeg', '2021-05-12 02:38:30'),
(2116, 134, 137, 144, 181, '/images/products/6f96a943-335c-4b64-aaea.jpeg', '2021-05-12 02:38:30'),
(2117, 134, 137, 144, 181, '/images/products/14b5e0e2-5d13-4ab2-8823.jpeg', '2021-05-12 02:38:30'),
(2118, 134, 137, 144, 181, '/images/products/770d398f-7b02-47c5-83b6.jpeg', '2021-05-12 02:38:30'),
(2119, 134, 137, 144, 181, '/images/products/f3c16d47-9745-485b-9b74.jpeg', '2021-05-12 02:38:30'),
(2120, 134, 137, 144, 181, '/images/products/0a968034-3224-4e80-83dd.jpeg', '2021-05-12 02:38:30'),
(2121, 134, 137, 144, 181, '/images/products/2b5532e7-dd86-4246-b53b.jpeg', '2021-05-12 02:38:30'),
(2122, 134, 137, 144, 181, '/images/products/73c3ebab-9ba0-4077-b350.jpeg', '2021-05-12 02:38:30'),
(2123, 134, 137, 144, 181, '/images/products/6b316c9f-0584-4772-9ff6.jpeg', '2021-05-12 02:38:31'),
(2124, 134, 137, 144, 181, '/images/products/37e697fd-2fd4-415b-aa24.jpeg', '2021-05-12 02:38:31'),
(2125, 134, 137, 144, 181, '/images/products/949a7085-5c01-441d-a49a.jpeg', '2021-05-12 02:38:31'),
(2126, 135, 137, 144, 181, '/images/products/6f96a943-335c-4b64-aaea.jpeg', '2021-05-12 02:39:52'),
(2127, 135, 137, 144, 181, '/images/products/14b5e0e2-5d13-4ab2-8823.jpeg', '2021-05-12 02:39:52'),
(2128, 135, 137, 144, 181, '/images/products/770d398f-7b02-47c5-83b6.jpeg', '2021-05-12 02:39:52'),
(2129, 135, 137, 144, 181, '/images/products/f3c16d47-9745-485b-9b74.jpeg', '2021-05-12 02:39:52'),
(2130, 135, 137, 144, 181, '/images/products/0a968034-3224-4e80-83dd.jpeg', '2021-05-12 02:39:52'),
(2131, 135, 137, 144, 181, '/images/products/2b5532e7-dd86-4246-b53b.jpeg', '2021-05-12 02:39:53'),
(2132, 135, 137, 144, 181, '/images/products/73c3ebab-9ba0-4077-b350.jpeg', '2021-05-12 02:39:53'),
(2133, 135, 137, 144, 181, '/images/products/6b316c9f-0584-4772-9ff6.jpeg', '2021-05-12 02:39:53'),
(2134, 135, 137, 144, 181, '/images/products/37e697fd-2fd4-415b-aa24.jpeg', '2021-05-12 02:39:53'),
(2135, 135, 137, 144, 181, '/images/products/949a7085-5c01-441d-a49a.jpeg', '2021-05-12 02:39:53'),
(2136, 135, 137, 144, 181, '/images/products/20f284df-efb8-4d02-ab7f.jpeg', '2021-05-12 02:39:53'),
(2137, 135, 137, 144, 181, '/images/products/6f96a943-335c-4b64-aaea.jpeg', '2021-05-12 02:39:53'),
(2138, 135, 137, 144, 181, '/images/products/14b5e0e2-5d13-4ab2-8823.jpeg', '2021-05-12 02:39:53'),
(2139, 135, 137, 144, 181, '/images/products/770d398f-7b02-47c5-83b6.jpeg', '2021-05-12 02:39:53'),
(2140, 135, 137, 144, 181, '/images/products/f3c16d47-9745-485b-9b74.jpeg', '2021-05-12 02:39:53'),
(2141, 135, 137, 144, 181, '/images/products/0a968034-3224-4e80-83dd.jpeg', '2021-05-12 02:39:53'),
(2142, 135, 137, 144, 181, '/images/products/2b5532e7-dd86-4246-b53b.jpeg', '2021-05-12 02:39:53'),
(2143, 135, 137, 144, 181, '/images/products/73c3ebab-9ba0-4077-b350.jpeg', '2021-05-12 02:39:53'),
(2144, 135, 137, 144, 181, '/images/products/6b316c9f-0584-4772-9ff6.jpeg', '2021-05-12 02:39:53'),
(2145, 135, 137, 144, 181, '/images/products/37e697fd-2fd4-415b-aa24.jpeg', '2021-05-12 02:39:53'),
(2146, 135, 137, 144, 181, '/images/products/949a7085-5c01-441d-a49a.jpeg', '2021-05-12 02:39:53'),
(2147, 135, 137, 144, 181, '/images/products/20f284df-efb8-4d02-ab7f.jpeg', '2021-05-12 02:39:53'),
(2148, 136, 137, 144, 181, '/images/products/6f96a943-335c-4b64-aaea.jpeg', '2021-05-12 02:40:43'),
(2149, 136, 137, 144, 181, '/images/products/14b5e0e2-5d13-4ab2-8823.jpeg', '2021-05-12 02:40:43'),
(2150, 136, 137, 144, 181, '/images/products/770d398f-7b02-47c5-83b6.jpeg', '2021-05-12 02:40:43'),
(2151, 136, 137, 144, 181, '/images/products/f3c16d47-9745-485b-9b74.jpeg', '2021-05-12 02:40:43'),
(2152, 136, 137, 144, 181, '/images/products/0a968034-3224-4e80-83dd.jpeg', '2021-05-12 02:40:43'),
(2153, 136, 137, 144, 181, '/images/products/2b5532e7-dd86-4246-b53b.jpeg', '2021-05-12 02:40:43'),
(2154, 136, 137, 144, 181, '/images/products/73c3ebab-9ba0-4077-b350.jpeg', '2021-05-12 02:40:43'),
(2155, 136, 137, 144, 181, '/images/products/6b316c9f-0584-4772-9ff6.jpeg', '2021-05-12 02:40:44'),
(2156, 136, 137, 144, 181, '/images/products/37e697fd-2fd4-415b-aa24.jpeg', '2021-05-12 02:40:44'),
(2157, 136, 137, 144, 181, '/images/products/949a7085-5c01-441d-a49a.jpeg', '2021-05-12 02:40:44'),
(2158, 136, 137, 144, 181, '/images/products/20f284df-efb8-4d02-ab7f.jpeg', '2021-05-12 02:40:44'),
(2159, 136, 137, 144, 181, '/images/products/2a28d4e2-3133-4b9c-8aba.jpeg', '2021-05-12 02:40:44'),
(2160, 136, 137, 144, 181, '/images/products/6f96a943-335c-4b64-aaea.jpeg', '2021-05-12 02:40:44'),
(2161, 136, 137, 144, 181, '/images/products/14b5e0e2-5d13-4ab2-8823.jpeg', '2021-05-12 02:40:44'),
(2162, 136, 137, 144, 181, '/images/products/770d398f-7b02-47c5-83b6.jpeg', '2021-05-12 02:40:44'),
(2163, 136, 137, 144, 181, '/images/products/f3c16d47-9745-485b-9b74.jpeg', '2021-05-12 02:40:44'),
(2164, 136, 137, 144, 181, '/images/products/0a968034-3224-4e80-83dd.jpeg', '2021-05-12 02:40:44'),
(2165, 136, 137, 144, 181, '/images/products/2b5532e7-dd86-4246-b53b.jpeg', '2021-05-12 02:40:44'),
(2166, 136, 137, 144, 181, '/images/products/73c3ebab-9ba0-4077-b350.jpeg', '2021-05-12 02:40:44'),
(2167, 136, 137, 144, 181, '/images/products/6b316c9f-0584-4772-9ff6.jpeg', '2021-05-12 02:40:44'),
(2168, 136, 137, 144, 181, '/images/products/37e697fd-2fd4-415b-aa24.jpeg', '2021-05-12 02:40:44'),
(2169, 136, 137, 144, 181, '/images/products/949a7085-5c01-441d-a49a.jpeg', '2021-05-12 02:40:44'),
(2170, 136, 137, 144, 181, '/images/products/20f284df-efb8-4d02-ab7f.jpeg', '2021-05-12 02:40:44'),
(2171, 136, 137, 144, 181, '/images/products/2a28d4e2-3133-4b9c-8aba.jpeg', '2021-05-12 02:40:44'),
(2172, 138, 137, 141, 177, '/images/products/0c379237-80e6-4064-b3a6.jpg', '2021-05-16 13:19:13'),
(2173, 138, 137, 141, 177, '/images/products/e41fc79d-b551-4c0f-9ed3.jpg', '2021-05-16 13:19:13'),
(2174, 137, 137, 141, 178, '/images/products/0b3d8a0c-448b-48b6-a5c4.gif', '2021-06-10 13:48:39');

-- --------------------------------------------------------

--
-- Table structure for table `mobilebanners`
--

CREATE TABLE `mobilebanners` (
  `id` int(11) NOT NULL,
  `name` varchar(45) DEFAULT NULL,
  `bannersimage` varchar(45) DEFAULT NULL,
  `status` tinyint(4) DEFAULT NULL
) ENGINE=InnoDB DEFAULT CHARSET=utf8mb4;

-- --------------------------------------------------------

--
-- Table structure for table `orders`
--

CREATE TABLE `orders` (
  `id` int(11) NOT NULL,
  `username` varchar(45) DEFAULT NULL,
  `userid` int(11) DEFAULT NULL,
  `addressid` int(11) DEFAULT NULL,
  `productid` int(11) DEFAULT NULL,
  `quantity` varchar(45) DEFAULT NULL,
  `size` varchar(50) NOT NULL,
  `transactionid` int(11) DEFAULT NULL,
  `parentid` int(11) DEFAULT NULL,
  `modofpayment` varchar(100) DEFAULT NULL,
  `total` varchar(45) DEFAULT NULL,
  `status` varchar(45) DEFAULT NULL,
  `orderdate` date DEFAULT NULL,
  `deliverydate` date DEFAULT NULL,
  `createddate` date DEFAULT NULL,
  `updateddate` varchar(45) DEFAULT NULL
) ENGINE=InnoDB DEFAULT CHARSET=utf8;

--
-- Dumping data for table `orders`
--

INSERT INTO `orders` (`id`, `username`, `userid`, `addressid`, `productid`, `quantity`, `size`, `transactionid`, `parentid`, `modofpayment`, `total`, `status`, `orderdate`, `deliverydate`, `createddate`, `updateddate`) VALUES
(3, 'Shubham Patel', 1, 12, 135, '1', '', NULL, 0, NULL, NULL, 'Pending', '2022-08-17', '2022-08-17', '2022-08-17', '2022-08-17 13:33:21');

-- --------------------------------------------------------

--
-- Table structure for table `product`
--

CREATE TABLE `product` (
  `id` int(11) NOT NULL,
  `productName` varchar(100) DEFAULT NULL,
  `brandName` varchar(100) DEFAULT NULL,
  `manufacturerName` varchar(100) DEFAULT NULL,
  `productCode` varchar(100) DEFAULT NULL,
  `startRating` tinyint(4) DEFAULT NULL,
  `productSRNumber` varchar(100) DEFAULT NULL,
  `productPrice` int(50) DEFAULT NULL,
  `discountPrice` int(50) DEFAULT NULL,
  `emiOptions` tinyint(4) DEFAULT NULL,
  `avibilityStatus` tinyint(4) DEFAULT NULL,
  `descripition` varchar(10000) DEFAULT NULL,
  `relatedProduct` tinyint(4) DEFAULT NULL,
  `productSize` varchar(100) DEFAULT NULL,
  `itemWeight` varchar(100) DEFAULT NULL,
  `isActive` tinyint(4) DEFAULT NULL,
  `mainCategory` int(50) DEFAULT NULL,
  `category` int(50) DEFAULT NULL,
  `subCategory` int(50) DEFAULT NULL,
  `productMainImage` varchar(100) DEFAULT NULL,
  `createddate` datetime DEFAULT NULL,
  `updateddate` datetime DEFAULT NULL,
  `isNewArrival` tinyint(1) NOT NULL DEFAULT 0,
  `isBestProduct` tinyint(1) NOT NULL DEFAULT 0,
  `isHot` tinyint(1) NOT NULL DEFAULT 0,
  `isOnSale` tinyint(1) NOT NULL DEFAULT 0
) ENGINE=InnoDB DEFAULT CHARSET=utf8;

--
-- Dumping data for table `product`
--

INSERT INTO `product` (`id`, `productName`, `brandName`, `manufacturerName`, `productCode`, `startRating`, `productSRNumber`, `productPrice`, `discountPrice`, `emiOptions`, `avibilityStatus`, `descripition`, `relatedProduct`, `productSize`, `itemWeight`, `isActive`, `mainCategory`, `category`, `subCategory`, `productMainImage`, `createddate`, `updateddate`, `isNewArrival`, `isBestProduct`, `isHot`, `isOnSale`) VALUES
(29, 'Embellished Paithani Pure Silk Saree', 'SAARA', 'Checkered Paisley', '301', 1, 'A201', 2670, 2500, 1, 1, 'Beautiful saree...perfect color in love with this saree', 1, '22', '300', 0, 138, 145, 158, '/images/products/1d92b825-641e-465d-a729.jpeg', '2021-05-11 17:44:05', NULL, 0, 0, 0, 1),
(30, 'Floral Print Bollywood Georgette', 'SAARA', 'Chiffon Saree', '302', 1, 'A202', 899, 0, 0, 1, 'Saree Length: 5.5 Mtr, Saree Blouse Length: 0.8 Mtr', 1, '12', '300', 0, 138, 145, 158, '/images/products/df607847-b07f-4bde-bb51.jpeg', '2021-05-11 17:47:23', NULL, 0, 0, 0, 1),
(31, 'Floral Print Daily Georgette', 'Anand ', 'Chiffon Saree', '303', 1, 'A203', 299, 0, 0, 1, 'Saree Length: 5.5 Mtr', 1, '12', '250', 0, 138, 145, 158, '/images/products/11049085-a8e9-4773-90e1.jpeg', '2021-05-11 17:49:03', NULL, 0, 0, 0, 1),
(32, 'Self Design Semi Stitched Lehenga Choli', 'Shethupathi Clothing ', 'shethupathi', '304', 1, 'A204', 1329, 1100, 0, 1, 'Best Product', 1, '12', '500', 0, 138, 145, 159, '/images/products/2e961872-15ad-45ea-acad.jpeg', '2021-05-11 17:53:02', NULL, 0, 0, 0, 0),
(33, 'Embroidered Semi Stitched Lehenga Choli ', 'Pink She', 'shethupathi', '305', 1, 'A205', 699, 0, 0, 1, 'Best Product', 1, '12', '500', 0, 138, 145, 159, '/images/products/86d1bc39-1fbb-4001-a877.jpeg', '2021-05-11 17:54:27', NULL, 1, 0, 0, 0),
(34, 'Embroidered Semi Stitched Lehenga Choli', 'panchhi nx', 'shethupathi', '306', 1, 'A206', 799, 0, 0, 1, 'Best Product', 1, '12', '700', 0, 138, 145, 159, '/images/products/2f0c0ae8-5575-4903-852f.jpeg', '2021-05-11 17:55:53', NULL, 0, 0, 0, 1),
(35, 'Crepe Printed Salwar Suit Material', 'PINK WISH ', 'shethupathi', '307', 1, 'A207', 499, 0, 1, 1, 'This product is deteriorating old,\nmaterial', 1, '12', '700', 0, 138, 145, 160, '/images/products/535edb59-afa1-4332-a124.jpeg', '2021-05-11 17:58:31', NULL, 0, 0, 0, 1),
(36, 'Printed Salwar Suit Material', 'SAARA ', 'shethupathi', '307', 1, 'A207', 449, 0, 1, 1, 'This product is deteriorating old,\nmaterial', 1, '12', '700', 0, 138, 145, 160, '/images/products/20b1c905-e72d-4143-98d7.jpeg', '2021-05-11 18:00:07', NULL, 0, 0, 0, 1),
(37, 'Jacquard Printed Kurta', 'Anand', 'shethupathi', '308', 1, 'A208', 479, 0, 1, 1, 'This product is deteriorating old,\nmaterial', 1, '12', '700', 0, 138, 145, 160, '/images/products/288fe797-d747-4cfc-8a72.jpeg', '2021-05-11 18:02:18', NULL, 0, 0, 0, 1),
(38, 'Women Floral Print Cotton Rayon Blend Anarkali Kurta', 'Varanga ', 'shethupathi', '310', 1, 'A210', 1299, 0, 1, 1, 'This product is readymade.', 1, '12', '500', 0, 138, 145, 161, '/images/products/3e93770f-d159-418d-99c6.jpeg', '2021-05-11 18:06:03', NULL, 0, 0, 0, 1),
(39, 'Women Embroidered Rayon Anarkali Kurta', 'ANNU PARIDHAN ', 'ANNU PARIDHAN ', '311', 1, 'A211', 584, 0, 1, 1, 'This product is readymade.', 1, '12', '700', 0, 138, 145, 161, '/images/products/c5c67ddf-5079-45cf-b6f5.jpeg', '2021-05-11 18:08:04', NULL, 0, 1, 0, 0),
(40, 'Women Printed Rayon Flared Kurta', 'Lee Moda ', 'ANNU PARIDHAN ', '312', 1, 'A212', 799, 0, 1, 1, 'This product is readymade.', 1, '12', '700', 0, 138, 145, 161, '/images/products/1a35cf8f-47d7-4cf1-8802.jpeg', '2021-05-11 18:10:44', NULL, 0, 1, 0, 0),
(41, 'Ratan Cloth Factory', 'Western', 'Anand Pvt.Ltd', '213', 1, 'A213', 298, 0, 1, 1, '\nHere are the short 3/4 length leggings with a bottom net for women and girls. The leggings come with Five colors Black, White, Dark Blue, Red and Cream. We have two sizes XL and L on each Colour. The quality of this product is the best because here at Ratan fabrics, we choose quality over quantity.', 1, '22', '200', 0, 138, 146, 162, '/images/products/a5357c7d-d843-4b39-b4cc.jpeg', '2021-05-11 18:26:28', NULL, 0, 1, 0, 0),
(42, 'Ankle Length Ethnic Wear Legging', 'priya textile', 'priya textile', '214', 1, 'A214', 192, 0, 1, 1, '\nHere are the short 3/4 length leggings with a bottom net for women and girls. The leggings come with Five colors Black, White, Dark Blue, Red and Cream. We have two sizes XL and L on each Colour. The quality of this product is the best because here at Ratan fabrics, we choose quality over quantity.', 1, '22', '200', 0, 138, 146, 162, '/images/products/856b2f81-5b42-4516-85d4.jpeg', '2021-05-11 18:28:12', NULL, 0, 1, 0, 0),
(43, 'Regular Fit Girls Pink Cotton ', 'V Retail Limited', 'priya textile', '215', 1, 'A215', 259, 0, 1, 1, '\nHere are the short 3/4 length leggings with a bottom net for women and girls. The leggings come with Five colors Black, White, Dark Blue, Red and Cream. We have two sizes XL and L on each Colour. The quality of this product is the best because here at Ratan fabrics, we choose quality over quantity.', 1, '22', '200', 0, 138, 146, 163, '/images/products/176701ab-785a-404d-9351.jpeg', '2021-05-11 18:30:16', NULL, 0, 1, 0, 0),
(44, 'Flared Women Black Crepe ', 'V Retail Limited', 'Akaas ', '216', 1, 'A216', 475, 0, 1, 1, '\nHere are the short 3/4 length leggings with a bottom net for women and girls. The leggings come with Five colors Black, White, Dark Blue, Red and Cream. We have two sizes XL and L on each Colour. The quality of this product is the best because here at Ratan fabrics, we choose quality over quantity.', 1, '22', '500', 0, 138, 146, 163, '/images/products/2cb4a44d-7597-4028-9825.jpeg', '2021-05-11 18:31:25', NULL, 0, 0, 0, 0),
(46, 'Relaxed Women Multicolor Crepe Trousers', 'DARZI ', 'Akaas ', '217', 1, 'A217', 299, 0, 1, 1, '\nHere are the short 3/4 length leggings with a bottom net for women and girls. The leggings come with Five colors Black, White, Dark Blue, Red and Cream. We have two sizes XL and L on each Colour. The quality of this product is the best because here at Ratan fabrics, we choose quality over quantity.', 1, '22', '500', 0, 138, 146, 163, '/images/products/38e992de-52ee-4c21-a7cd.jpeg', '2021-05-11 18:34:44', NULL, 0, 0, 0, 0),
(47, 'Regular Fit Women Blue Rayon Trousers', 'MRM CREATION', 'Akaas ', '218', 1, 'A218', 209, 0, 1, 1, '\nHere are the short 3/4 length leggings with a bottom net for women and girls. The leggings come with Five colors Black, White, Dark Blue, Red and Cream. We have two sizes XL and L on each Colour. The quality of this product is the best because here at Ratan fabrics, we choose quality over quantity.', 1, '22', '500', 0, 138, 146, 163, '/images/products/b984a4ee-6940-4d5c-af84.jpeg', '2021-05-11 18:36:03', NULL, 0, 0, 0, 0),
(49, 'Viscose Solid Patiala', 's k knit fab', 'Akaas ', '219', 1, 'A219', 399, 0, 1, 1, '\nHere are the short 3/4 length leggings with a bottom net for women and girls. The leggings come with Five colors Black, White, Dark Blue, Red and Cream. We have two sizes XL and L on each Colour. The quality of this product is the best because here at Ratan fabrics, we choose quality over quantity.', 1, '22', '500', 0, 138, 146, 164, '/images/products/8ab8bfbd-16df-473b-a46a.jpeg', '2021-05-11 18:42:38', NULL, 0, 0, 0, 0),
(50, 'Cotton Blend Solid Women', 's k knit fab', 'Akaas ', '220', 1, 'A220', 399, 0, 1, 1, '\nHere are the short 3/4 length leggings with a bottom net for women and girls. The leggings come with Five colors Black, White, Dark Blue, Red and Cream. We have two sizes XL and L on each Colour. The quality of this product is the best because here at Ratan fabrics, we choose quality over quantity.', 1, '22', '500', 0, 138, 146, 164, '/images/products/b9c79b25-3cb1-498e-a2b8.jpeg', '2021-05-11 18:43:53', NULL, 0, 0, 0, 0),
(51, 'Full Sleeve Distressed Women Jacket', 'lahaba ', 'Levis', '221', 1, 'A221', 359, 0, 1, 1, 'its not about age its about size and you can check your size on size chart.', 1, '55', '250', 0, 138, 147, NULL, '/images/products/0b9e4362-2cb4-466a-a22e.jpeg', '2021-05-11 18:50:18', NULL, 0, 0, 0, 0),
(52, 'Full Sleeve Solid Women Casual Jacket', 'lahaba ', 'Breil By Fort Collins', '222', 1, 'A222', 1279, 0, 1, 1, 'its not about age its about size and you can check your size on size chart.', 1, '55', '250', 0, 138, 147, NULL, '/images/products/fa050229-9593-4766-a369.jpeg', '2021-05-11 18:51:43', NULL, 0, 0, 0, 0),
(53, 'Full Sleeve Self Design Women Sweatshirt', 'THE DRY STATE ', 'Breil By Fort Collins', '223', 1, 'A223', 599, 0, 1, 1, 'its not about age its about size and you can check your size on size chart.', 1, '55', '250', 0, 138, 147, NULL, '/images/products/6851b3e4-4789-4ebc-b1c3.jpeg', '2021-05-11 18:53:15', NULL, 0, 0, 0, 0),
(54, 'Women Full Sleeve Red Shrug', 'SWIFTLY ', 'Breil By Fort Collins', '224', 1, 'A224', 299, 0, 1, 1, 'its not about age its about size and you can check your size on size chart.', 1, '55', '250', 0, 138, 147, NULL, '/images/products/fa2c8ec6-855c-4134-ae3b.jpeg', '2021-05-11 18:54:40', NULL, 0, 0, 0, 0),
(55, 'Women Gathered Multicolor Dress', 'ASEAN ', 'Breil By Fort Collins', '225', 1, 'A225', 599, 0, 1, 1, 'its not about age its about size and you can check your size on size chart.', 1, '55', '250', 0, 138, 148, NULL, '/images/products/4f07ad39-f226-4929-9469.jpeg', '2021-05-11 18:56:26', NULL, 0, 0, 0, 0),
(56, 'Women Gathered Multicolor Dress', 'ASEAN ', 'Breil By Fort Collins', '226', 1, 'A226', 599, 0, 1, 1, 'its not about age its about size and you can check your size on size chart.', 1, '55', '250', 0, 138, 148, NULL, '/images/products/0f4d89c7-b3c6-4ff5-b2a3.jpeg', '2021-05-11 18:57:28', NULL, 0, 0, 0, 0),
(57, 'Women Fit and Flare Beige Black Dress', 'Selvia ', 'Selvia ', '227', 1, 'A227', 466, 0, 1, 1, 'its not about age its about size and you can check your size on size chart.', 1, '55', '250', 0, 138, 148, NULL, '/images/products/5ddb161e-fd88-4b5a-883b.jpeg', '2021-05-11 18:58:43', NULL, 0, 0, 0, 0),
(58, 'Women Skater Black Dress', 'Daevish ', 'Selvia ', '228', 1, 'A228', 499, 0, 1, 1, 'its not about age its about size and you can check your size on size chart.', 1, '55', '250', 0, 138, 148, NULL, '/images/products/38e05e67-1921-4ec0-8cc9.jpeg', '2021-05-11 18:59:43', NULL, 0, 0, 0, 0),
(59, 'Solid Women Black Track Pants', 'Enamor ', 'Selvia ', '229', 1, 'A229', 999, 0, 1, 1, 'its not about age its about size and you can check your size on size chart.', 1, '55', '250', 0, 138, 149, NULL, '/images/products/462ee8c4-1f51-447c-973d.jpeg', '2021-05-11 19:02:25', NULL, 0, 0, 0, 0),
(60, 'Solid Women Pink Track Pants', 'Enamor ', 'PUMA ', '230', 1, 'A230', 1249, 0, 1, 1, 'its not about age its about size and you can check your size on size chart.', 1, '55', '250', 0, 138, 149, NULL, '/images/products/8a21423a-6789-4d98-aa22.jpeg', '2021-05-11 19:04:17', NULL, 0, 0, 0, 0),
(61, 'Printed Women Grey Track Pants', 'UZARUS ', 'PUMA ', '231', 1, 'A231', 699, 0, 1, 1, 'its not about age its about size and you can check your size on size chart.', 1, '55', '250', 0, 138, 149, NULL, '/images/products/bd98e1a1-baca-4dca-9a04.jpeg', '2021-05-11 19:05:19', NULL, 0, 0, 0, 0),
(63, 'Girls Lehenga Choli Ethnic Wear Embroidered Ghagra', 'Clothes Shop ', 'Kidzee', '232', 1, 'A232', 599, 0, 1, 1, 'Kids Best product Served is our Motto.', 1, '12', '500', 0, 139, 150, NULL, '/images/products/8a826303-6158-4c63-b2b2.jpeg', '2021-05-11 19:16:00', NULL, 0, 0, 0, 1),
(64, 'Girls Party', 'Linotex ', 'Kidzee', '233', 1, 'A233', 499, 0, 1, 1, 'Kids Best product Served is our Motto.', 1, '12', '500', 0, 139, 150, NULL, '/images/products/8df23b11-43b4-4ee5-a32d.jpeg', '2021-05-11 19:19:13', NULL, 0, 0, 0, 1),
(68, 'Short For Boys', 'Linotex ', 'Kidzee', '234', 1, 'A234', 330, 0, 1, 1, 'Kids Best product Served is our Motto.', 1, '12', '500', 0, 139, 150, NULL, '/images/products/73c51728-3992-42be-a14a.jpeg', '2021-05-11 19:26:19', NULL, 0, 0, 0, 1),
(69, 'Girls Lehenga Choli Party Wear Embroidered Lehenga', 'Linotex ', 'The Fashion Prime ', '235', 1, 'A235', 879, 0, 1, 1, 'Kids Best product Served is our Motto.', 1, '12', '500', 0, 139, 150, NULL, '/images/products/91265fd5-2d13-42a7-8760.jpeg', '2021-05-11 19:28:17', NULL, 0, 0, 0, 1),
(71, 'Boys Printed Hosiery T Shirt  ', 'CUTEIZ ', 'Avenue', '326', 1, 'A326', 560, 0, 1, 1, 'Quality is over Motto.', 1, '20', '100', 0, 139, 151, 165, '/images/products/79db99e4-ae7b-4037-9293.jpeg', '2021-05-11 21:02:50', NULL, 0, 0, 0, 1),
(72, 'Baby Boys Solid Cotton Blend T Shirt', 'V Retail Limited ', 'Avenue', '337', 1, 'A337', 350, 0, 1, 1, 'Quality is over Motto.', 1, '20', '100', 0, 139, 151, 165, '/images/products/c980de83-8786-47a6-94e9.jpeg', '2021-05-11 21:05:12', NULL, 0, 0, 0, 1),
(73, 'Boys Printed Pure Cotton T Shirt  ', 'Tripr ', 'Avenue', '338', 1, 'A338', 350, 0, 1, 1, 'Quality is over Motto.', 1, '20', '100', 0, 139, 151, 165, '/images/products/1d6dc6ef-2416-4e72-8b80.jpeg', '2021-05-11 21:06:32', NULL, 0, 0, 0, 0),
(74, 'Boys Printed Pure Cotton T Shirt ', 'Skirt', 'Avenue', '339', 1, 'A339', 299, 0, 1, 1, 'Quality is over Motto.', 1, '20', '100', 0, 139, 151, 165, '/images/products/bc2dfeff-b150-42bd-9d7d.jpeg', '2021-05-11 21:07:42', NULL, 0, 0, 0, 0),
(75, 'Wedding Kurta and Pyjama Set', 'Fashion Garments ', 'Avenue', '340', 1, 'A340', 399, 0, 1, 1, 'Quality is over Motto.', 1, '20', '100', 0, 139, 151, 166, '/images/products/275ef5d8-f11c-4648-acd9.jpeg', '2021-05-11 21:09:15', NULL, 0, 0, 0, 0),
(76, 'Boys Festive ', 'Vesh ', 'Avenue', '341', 1, 'A341', 429, 0, 1, 1, 'Quality is over Motto.', 1, '20', '100', 0, 139, 151, 166, '/images/products/46ac2b5e-1f44-46af-a330.jpeg', '2021-05-11 21:10:15', NULL, 0, 0, 0, 0),
(77, 'Waistcoat and Breeches Set ', 'DIGIMART ', 'Avenue', '342', 1, 'A342', 599, 0, 1, 1, 'Quality is over Motto.', 1, '20', '100', 0, 139, 151, 166, '/images/products/07b5d6f6-6ead-4f0b-8e6b.jpeg', '2021-05-11 21:11:41', NULL, 0, 0, 0, 0),
(78, 'Party Kurta and Churidar Set ', 'SmartRAHO ', 'Avenue', '343', 1, 'A343', 339, 0, 1, 1, 'Quality is over Motto.', 1, '20', '100', 0, 139, 151, 166, '/images/products/77b64c36-aacb-48b1-a872.jpeg', '2021-05-11 21:12:57', NULL, 0, 0, 0, 0),
(79, 'Boys Regular Fit Solid Casual Shirt', 'Yo Soy Bonita ', 'SmartRAHO ', '344', 1, 'A344', 899, 0, 1, 1, 'Quality is over Motto.', 1, '20', '100', 0, 139, 151, 167, '/images/products/e40bb852-69e7-473d-8671.jpeg', '2021-05-11 21:16:34', NULL, 0, 0, 0, 0),
(80, 'Boys Regular Fit Printed Spread Collar Casual Shirt', 'Yo Soy Bonita ', 'SmartRAHO ', '345', 1, 'A345', 1099, 0, 1, 1, 'Quality is over Motto.', 1, '20', '100', 0, 139, 151, 167, '/images/products/0ce21ea1-72b3-4666-b4d9.jpeg', '2021-05-11 21:17:23', NULL, 0, 0, 0, 0),
(81, 'Boys Regular Fit Checkered Casual Shirt', 'United Colors of Benetton. ', 'SmartRAHO ', '346', 1, 'A346', 650, 0, 1, 1, 'Quality is over Motto.', 1, '20', '100', 0, 139, 151, 167, '/images/products/8a5065d6-deb7-4fdd-9f24.jpeg', '2021-05-11 21:18:19', NULL, 0, 0, 0, 0),
(82, 'Boys Regular Fit Checkered Casual Shirt', 'MAX ', 'SmartRAHO ', '347', 1, 'A347', 999, 0, 1, 1, 'Quality is over Motto.', 1, '20', '100', 0, 139, 151, 167, '/images/products/2b1a205b-7bf2-4a85-8d24.jpeg', '2021-05-11 21:19:13', NULL, 0, 0, 0, 0),
(83, 'Baby Girls Casual Tshirt Shorts  ', 'NOT ', 'Baby Boys ', '348', 1, 'A348', 399, 0, 1, 1, 'Product Designed by over best designer.', 1, '10', '150', 0, 139, 152, 168, '/images/products/ac833136-91d0-4625-a7c4.jpeg', '2021-05-11 21:23:27', NULL, 0, 0, 0, 0),
(84, 'Baby Girls Casual Tshirt Shorts  ', 'NOT ', 'Baby Boys ', '349', 1, 'A348', 445, 0, 1, 1, 'Product Designed by over best designer.', 1, '10', '150', 0, 139, 152, 168, '/images/products/b18a16a0-0d0b-4448-a488.jpeg', '2021-05-11 21:24:27', NULL, 0, 0, 0, 0),
(85, 'Full Length Party Dress', 'Fashion Dream ', 'Baby Boys ', '350', 1, 'A350', 599, 0, 1, 1, 'Product Designed by over best designer.', 1, '10', '150', 0, 139, 152, 169, '/images/products/b2fa7d5e-18fe-4793-b413.jpeg', '2021-05-11 21:27:24', NULL, 0, 0, 0, 0),
(86, 'Full Length Party Dress', 'KAARIGARI ', 'Baby Boys ', '351', 1, 'A351', 399, 0, 1, 1, 'Product Designed by over best designer.', 1, '10', '150', 0, 139, 152, 169, '/images/products/570cbd2b-700c-4d9a-80ad.jpeg', '2021-05-11 21:28:23', NULL, 0, 0, 0, 0),
(87, 'Girls Maxi', 'KAARIGARI ', 'Baby Boys ', '352', 1, 'A352', 284, 0, 1, 1, 'Product Designed by over best designer.', 1, '10', '150', 0, 139, 152, 169, '/images/products/ce8be804-bc53-46e9-ad3b.jpeg', '2021-05-11 21:29:55', NULL, 0, 0, 0, 0),
(88, 'Girls Rayon Top', 'Virtual LTD', 'Baby Boys ', '353', 1, 'A353', 599, 0, 1, 1, 'Product Designed by over best designer.', 1, '10', '150', 0, 139, 153, 170, '/images/products/c43fa382-13ad-4d9b-9aa9.jpeg', '2021-05-11 21:32:46', NULL, 0, 0, 0, 0),
(89, 'Girls Rayon Top', 'Virtual LTD', 'Baby Boys ', '354', 1, 'A354', 799, 0, 1, 1, 'Product Designed by over best designer.', 1, '10', '150', 0, 139, 153, 170, '/images/products/64b5155e-900c-4d9e-b31f.jpeg', '2021-05-11 21:33:51', NULL, 0, 0, 0, 0),
(90, 'Girls Printed Pure Cotton T Shirt ', 'Miss Chief ', 'Baby Boys ', '355', 1, 'A355', 599, 0, 1, 1, 'Product Designed by over best designer.', 1, '10', '150', 0, 139, 153, 170, '/images/products/225ab890-e0a9-49a2-adc3.jpeg', '2021-05-11 21:34:41', NULL, 0, 0, 0, 0),
(91, 'Girls Graphic Print Pure Cotton T Shirt', 'SKECHITE ', 'Baby Boys ', '356', 1, 'A356', 1099, 0, 1, 1, 'Product Designed by over best designer.', 1, '10', '150', 0, 139, 153, 170, '/images/products/64c42c8a-f85f-446c-8dcf.jpeg', '2021-05-11 21:35:38', NULL, 0, 0, 0, 0),
(92, 'Girls Graphic Print Pure Cotton T Shirt', 'SKECHITE ', 'Baby Boys ', '356', 1, 'A356', 1099, 0, 1, 1, 'Product Designed by over best designer.', 1, '10', '150', 0, 139, 153, 171, '/images/products/64c42c8a-f85f-446c-8dcf.jpeg', '2021-05-11 21:38:38', NULL, 0, 0, 0, 0),
(93, 'Camisole For Girls  ', 'V Star ', 'Baby Boys ', '358', 1, 'A358', 215, 0, 1, 1, 'Product Designed by over best designer.', 1, '10', '150', 0, 139, 153, 172, '/images/products/537fd40c-2cf4-4b89-80bd.jpeg', '2021-05-11 21:40:12', NULL, 0, 0, 0, 0),
(94, 'Camisole For Girls  ', 'V Star ', 'Baby Boys ', '359', 1, 'A359', 399, 0, 1, 1, 'Product Designed by over best designer.', 1, '10', '150', 0, 139, 153, 172, '/images/products/747747ff-d476-4a01-bf0a.jpeg', '2021-05-11 21:40:50', NULL, 0, 0, 0, 0),
(95, 'Pine Girls Drawer', 'V Star ', 'Baby Boys ', '360', 1, 'A360', 499, 0, 1, 1, 'Product Designed by over best designer.', 1, '10', '150', 0, 139, 153, 172, '/images/products/182a7417-a0cc-4242-b8e5.jpeg', '2021-05-11 21:43:02', NULL, 0, 0, 0, 0),
(96, 'Modern Electronic Digital Black', ' Precision Kitchen', 'Pegion', '361', 1, 'A361', 899, 0, 1, 1, 'Good Food Good Life.', 1, '10', '12', 0, 140, 154, NULL, '/images/products/ca00f1d7-f3ba-4a37-8103.jpeg', '2021-05-11 21:48:26', NULL, 0, 0, 0, 0),
(97, 'Ganesh Quick Vegetable Chopper ', ' Precision Kitchen', 'Pegion', '362', 1, 'A362', 399, 0, 1, 1, 'Good Food Good Life.', 1, '10', '12', 0, 140, 154, NULL, '/images/products/430b6c6c-5a87-45e4-8317.jpeg', '2021-05-11 21:49:16', NULL, 0, 0, 0, 0),
(98, 'Pigeon Shears  piece Kitchen Tool Set Stainless Steel Knife Set', ' Precision Kitchen', 'Pegion', '363', 1, 'A363', 299, 0, 1, 1, 'Good Food Good Life.', 1, '10', '12', 0, 140, 154, NULL, '/images/products/55908bb1-b201-4426-ade8.jpeg', '2021-05-11 21:50:54', NULL, 0, 0, 0, 0),
(99, 'HOT MUGGS Change the World', 'Nestle', 'Pegion', '364', 1, 'A364', 149, 0, 1, 1, 'Good Food Good Life.', 1, '10', '12', 0, 140, 154, NULL, '/images/products/a12f0117-bd64-4fcb-ae0c.jpeg', '2021-05-11 21:52:25', NULL, 0, 0, 0, 0),
(100, 'TREO GUSTO COOL Glass Beer Mug', 'Nestle', 'Pegion', '365', 1, 'A365', 169, 0, 1, 1, 'Good Food Good Life.', 1, '10', '12', 0, 140, 154, NULL, '/images/products/f68184c6-4b35-4968-9563.jpeg', '2021-05-11 21:53:45', NULL, 0, 0, 0, 0),
(101, 'cello Pack of Opalware Cello Dazzle Lush Fiest', 'Cello', 'Microwave Safe', '368', 1, 'A366', 1199, 0, 1, 1, 'Sales Package: 8 Dinner Plates, 8 Side Plates, 8 Glass, 16 Bowls biding, 8 Pudding Bowls, 8 Chutney Bowls, 3 Serving Bowls, 3 Serving Bowl Lid, 8Spoon', 1, '105', '900', 0, 140, 155, 173, '/images/products/5ae4ed91-28a5-429c-9465.jpeg', '2021-05-12 01:03:42', NULL, 0, 0, 0, 0),
(102, 'cello Pack of Opalware Cello Dazzle Lush Fiest', 'Cello', 'Microwave Safe', '367', 1, 'A367', 999, 0, 1, 1, 'Sales Package: 8 Dinner Plates, 8 Side Plates, 8 Glass, 16 Bowls biding, 8 Pudding Bowls, 8 Chutney Bowls, 3 Serving Bowls, 3 Serving Bowl Lid, 8Spoon', 1, '105', '900', 0, 140, 155, 173, '/images/products/a4591893-798c-4424-8146.jpeg', '2021-05-12 01:04:29', NULL, 0, 0, 0, 0),
(103, 'Shri Sam Pack of Stainless ', 'Stainless Steel', 'Cello', '366', 1, 'A366', 999, 0, 1, 1, 'Sales Package: 8 Dinner Plates, 8 Side Plates, 8 Glass, 16 Bowls biding, 8 Pudding Bowls, 8 Chutney Bowls, 3 Serving Bowls, 3 Serving Bowl Lid, 8Spoon', 1, '105', '900', 0, 140, 155, 173, '/images/products/cc803532-3284-4a05-8c0d.jpeg', '2021-05-12 01:05:49', NULL, 0, 0, 0, 0),
(104, 'SmartBuy Classic Mop', 'Mop', 'Cello', '368', 1, 'A368', 899, 0, 1, 1, 'Type: Mop\nMade of: Plastic, Steel\nInclusions: 1 Mop Bucket, 1 Handle, 2 Refills, 1 Liquid Dispenser\nColor: Blue\n', 1, '10', '900', 0, 140, 156, NULL, '/images/products/4c4f31ee-6ce6-40cb-a801.jpeg', '2021-05-12 01:10:54', NULL, 0, 0, 0, 0),
(105, 'BAWALY Reusable Rubber Silicon Household Safety Wash Scrubber', 'kitchen Wet and Dry Glove ', 'Cello', '369', 1, 'A369', 199, 0, 1, 1, '\nThe color of the delivered product may be different from what is shown in the image depending on stock availability.', 1, '10', '200', 0, 140, 156, NULL, '/images/products/1cc223a0-9dcd-4b02-ad2b.jpeg', '2021-05-12 01:12:49', NULL, 0, 0, 0, 0),
(106, 'cello Kleeno Total Clean ', 'Cello', 'Cello', '370', 1, 'A370', 899, 0, 1, 1, 'Type: Mop\nMade of: Plastic\nInclusions: 360 Degree Bucket, Spin Mop, 1 Extra Micro Fiber Refill\nColor: Red', 1, '10', '200', 0, 140, 156, NULL, '/images/products/55cfa676-e25c-4638-b55b.jpeg', '2021-05-12 01:14:11', NULL, 0, 0, 0, 0),
(107, 'Doctor Dreams by Nilkamal Metal King Bed', 'Woodland', 'Cello', '371', 1, 'A371', 11250, 0, 1, 1, 'Delivery Condition: Knock Down - Delivered in non-assembled pieces, installation by service partner', 1, '6ft', '500kg', 0, 140, 157, 174, '/images/products/3c4ed42c-9632-4c6a-8b15.jpeg', '2021-05-12 01:17:37', NULL, 0, 0, 0, 0),
(108, 'FurnitureKraft Nancy Metal King Bed', 'Woodland', 'Hindustan Wood', '373', 1, 'A373', 8699, 0, 1, 1, 'Delivery Condition: Knock Down - Delivered in non-assembled pieces, installation by service partner', 1, '6ft', '400kg', 0, 140, 157, 174, '/images/products/0269d65e-a145-4802-814a.jpeg', '2021-05-12 01:20:32', NULL, 0, 0, 0, 0),
(109, 'SPACEWOOD Engineered Wood Queen Box Bed', 'Woodland', 'Hindustan Wood', '374', 1, 'A374', 20399, 0, 1, 1, 'Recommended Mattress Size: Length= 78 inches x Width = 60 inches', 1, '6ft', '900kg', 0, 140, 157, 174, '/images/products/874bfe18-c99b-43cf-aa11.jpeg', '2021-05-12 01:23:02', NULL, 0, 0, 0, 0),
(110, 'Doctor Dreams by Nilkamal Plus Memory Foam inch', 'Single PU Foam', 'Hindustan Mattresses', '375', 1, 'A375', 5999, 0, 1, 1, 'Support Type: PU Foam\nComfort Layer: Memory Foam\nMattress Features: Rolled & Vacuumed Mattress, Sag Resistant Mattress', 1, '6ft', '50kg', 0, 140, 157, 175, '/images/products/badbfe83-a43e-467a-a7b7.jpeg', '2021-05-12 01:25:51', NULL, 0, 0, 0, 0),
(111, 'Springtek Amaze Eco ', 'Single PU Foam', 'Hindustan Mattresses', '376', 1, 'A376', 7399, 0, 1, 1, 'Support Type: PU Foam\nComfort Layer: Memory Foam\nMattress Features: Rolled & Vacuumed Mattress, Sag Resistant Mattress', 1, '6ft', '50kg', 0, 140, 157, 175, '/images/products/6ae95c0e-aae3-4db4-bd92.jpeg', '2021-05-12 01:26:40', NULL, 0, 0, 0, 0),
(112, 'COLOFLY cotton mattress', 'Cotton', 'Hindustan Mattresses', '377', 1, 'A377', 799, 0, 1, 1, 'Support Type: PU Foam\nComfort Layer: Memory Foam\nMattress Features: Rolled & Vacuumed Mattress, Sag Resistant Mattress', 1, '5ft', '30kg', 0, 140, 157, 175, '/images/products/e41ff2c7-05b4-43ed-894b.jpeg', '2021-05-12 01:32:55', NULL, 0, 0, 0, 0),
(114, 'Bali Bolton Engineered Wood', 'FurnCentral', 'Hindustan', '379', 1, 'A379', 19999, 0, 1, 1, 'Delivery Condition: Knock Down - Delivered in non-assembled pieces, installation by service partner', 1, '6ft', '80kg', 0, 140, 157, 176, '/images/products/df986e87-8eb0-4891-af8b.jpeg', '2021-05-12 01:42:57', NULL, 0, 0, 0, 0),
(115, 'Bali Bolton Engineered Wood', 'FurnCentral', 'Hindustan', '378', 1, 'A378', 14999, 0, 1, 1, 'Delivery Condition: Knock Down - Delivered in non-assembled pieces, installation by service partner', 1, '6ft', '80kg', 0, 140, 157, 176, '/images/products/01fed92a-1027-4bd5-ab0b.jpeg', '2021-05-12 01:44:13', NULL, 0, 0, 0, 0),
(116, 'Door PP Collapsible Wardrobe', 'FurnCentral', 'Hindustan', '380', 1, 'A380', 1999, 0, 1, 1, 'Delivery Condition: Knock Down - Delivered in non-assembled pieces, installation by service partner', 1, '6ft', '80kg', 0, 140, 157, 176, '/images/products/fc2d4970-b285-45ee-a2f5.jpeg', '2021-05-12 01:45:11', NULL, 0, 0, 0, 0),
(117, 'Men Slim Fit Self Design Formal Shirt', 'PETER ENGLAND ', 'PETER ENGLAND ', '385', 1, 'A385', 599, 0, 0, 1, 'Lamaya has a wide range of T-shirts for men from your preferred brands such as Wrangler, Levis, Lee, Tripr, Adidas, and Peter England. So, are you wondering what are the different types of tees you will need in your wardrobe? Well, for starters make sure you have a good collection of white-colored and black-colored t-shirts. ', 1, '10', '150', 0, 137, 141, 178, '/images/products/c3e1436d-2821-4158-b151.jpeg', '2021-05-12 02:10:23', NULL, 1, 0, 0, 0),
(118, 'Men Slim Fit Self Design Formal Shirt', 'PETER ENGLAND ', 'PETER ENGLAND ', '384', 1, 'A384', 1199, 0, 0, 1, 'Lamaya has a wide range of T-shirts for men from your preferred brands such as Wrangler, Levis, Lee, Tripr, Adidas, and Peter England. So, are you wondering what are the different types of tees you will need in your wardrobe? Well, for starters make sure you have a good collection of white-colored and black-colored t-shirts. ', 1, '10', '150', 0, 137, 141, 178, '/images/products/afa17b7b-288b-4531-823f.jpeg', '2021-05-12 02:11:49', NULL, 1, 0, 0, 0),
(119, 'Men Slim Fit Self Design Formal Shirt', 'Puma', 'Puma', '383', 1, 'A383', 599, 0, 0, 1, 'Lamaya has a wide range of T-shirts for men from your preferred brands such as Wrangler, Levis, Lee, Tripr, Adidas, and Peter England. So, are you wondering what are the different types of tees you will need in your wardrobe? Well, for starters make sure you have a good collection of white-colored and black-colored t-shirts. ', 1, '10', '150', 0, 137, 141, 178, '/images/products/4bbcc4fe-34bc-490d-a77c.jpeg', '2021-05-12 02:13:03', NULL, 1, 0, 0, 0),
(120, 'Striped Men Hooded Neck Red', 'HELMONT ', 'Puma', '382', 1, 'A382', 1099, 0, 0, 1, 'Lamaya has a wide range of T-shirts for men from your preferred brands such as Wrangler, Levis, Lee, Tripr, Adidas, and Peter England. So, are you wondering what are the different types of tees you will need in your wardrobe? Well, for starters make sure you have a good collection of white-colored and black-colored t-shirts. ', 1, '10', '150', 0, 137, 141, 177, '/images/products/4f896e09-37da-4804-b46f.jpeg', '2021-05-12 02:15:11', NULL, 0, 0, 0, 0),
(121, 'Hooded Neck Red', 'HELMONT ', 'Puma', '381', 1, 'A381', 599, 0, 0, 1, 'Lamaya has a wide range of T-shirts for men from your preferred brands such as Wrangler, Levis, Lee, Tripr, Adidas, and Peter England. So, are you wondering what are the different types of tees you will need in your wardrobe? Well, for starters make sure you have a good collection of white-colored and black-colored t-shirts. ', 1, '10', '150', 0, 137, 141, 177, '/images/products/03ab0bb2-4eeb-4d64-bba3.jpeg', '2021-05-12 02:15:53', NULL, 0, 0, 0, 0),
(122, 'Color Block Men Round Neck Blue', 'HELMONT ', 'Puma', '386', 1, 'A381', 299, 0, 0, 1, 'Lamaya has a wide range of T-shirts for men from your preferred brands such as Wrangler, Levis, Lee, Tripr, Adidas, and Peter England. So, are you wondering what are the different types of tees you will need in your wardrobe? Well, for starters make sure you have a good collection of white-colored and black-colored t-shirts. ', 1, '10', '150', 0, 137, 141, 177, '/images/products/258b3015-3871-490f-9c7f.jpeg', '2021-05-12 02:16:59', NULL, 0, 0, 0, 0),
(123, 'Striped Men Polo Neck Dark Blue', 'Try This', 'Puma', '387', 1, 'A387', 599, 0, 0, 1, 'Lamaya has a wide range of T-shirts for men from your preferred brands such as Wrangler, Levis, Lee, Tripr, Adidas, and Peter England. So, are you wondering what are the different types of tees you will need in your wardrobe? Well, for starters make sure you have a good collection of white-colored and black-colored t-shirts. ', 1, '10', '150', 0, 137, 141, 177, '/images/products/efadde86-9fc6-4e06-9467.jpeg', '2021-05-12 02:18:08', NULL, 0, 1, 0, 0),
(124, 'Slim Men Grey Jeans', 'Urbano Fashion ', 'Levis', '388', 1, 'A388', 1099, 0, 0, 1, ' Levis, Lee, Tripr, Adidas, and Peter England. So, are you wondering what are the different types of tees you will need in your wardrobe? Well, for starters make sure you have a good collection of white-colored and black-colored t-shirts. ', 1, '10', '150', 0, 137, 142, 179, '/images/products/05ccf079-6b95-45c2-9fb0.jpeg', '2021-05-12 02:20:08', NULL, 0, 1, 0, 0),
(125, 'Slim Men Light Blue Jeans', 'Urbano Fashion ', 'Levis', '389', 1, 'A389', 1199, 0, 0, 1, ' Levis, Lee, Tripr, Adidas, and Peter England. So, are you wondering what are the different types of tees you will need in your wardrobe? Well, for starters make sure you have a good collection of white-colored and black-colored t-shirts. ', 1, '10', '150', 0, 137, 142, 179, '/images/products/3b169275-f22b-44ba-a41b.jpeg', '2021-05-12 02:21:30', NULL, 0, 1, 0, 0),
(126, 'Slim Men Black Jeans', 'Urbano Fashion ', 'Levis', '390', 1, 'A390', 1299, 0, 0, 1, ' Levis, Lee, Tripr, Adidas, and Peter England. So, are you wondering what are the different types of tees you will need in your wardrobe? Well, for starters make sure you have a good collection of white-colored and black-colored t-shirts. ', 1, '10', '150', 0, 137, 142, 179, '/images/products/ec14b562-5e4b-46b2-88ff.jpeg', '2021-05-12 02:22:30', NULL, 0, 1, 0, 0),
(127, 'Slim Fit Men Beige Cotton Lycra Blend Trousers', 'ODEGREE ', 'JadeBlue', '391', 1, 'A391', 999, 0, 0, 1, ' Levis, Lee, Tripr, Adidas, and Peter England. So, are you wondering what are the different types of tees you will need in your wardrobe? Well, for starters make sure you have a good collection of white-colored and black-colored t-shirts. ', 1, '10', '150', 0, 137, 142, 179, '/images/products/d04885e0-e857-429b-93e3.jpeg', '2021-05-12 02:25:12', NULL, 0, 0, 0, 0),
(128, 'Full Sleeve Solid Men Sweatshirt', 'ROADSTER ', 'PUMA', '392', 1, 'A392', 392, 0, 0, 1, 'Best Product For Winter Wear.', 1, '10', '300', 0, 137, 143, NULL, '/images/products/859c4c16-6e62-4573-99d3.jpeg', '2021-05-12 02:29:17', NULL, 0, 0, 0, 0),
(129, 'Full Sleeve Solid Men Sweatshirt', 'roadmarck ', 'PUMA', '393', 1, 'A393', 899, 0, 0, 1, 'Best Product For Winter Wear.', 1, '10', '300', 0, 137, 143, NULL, '/images/products/7e154fca-c135-4907-8105.jpeg', '2021-05-12 02:30:54', NULL, 0, 0, 0, 0),
(130, 'Full Sleeve Color Block Men Sweatshirt', 'JUGULAR ', 'PUMA', '394', 1, 'A394', 1099, 0, 0, 1, 'Best Product For Winter Wear.', 1, '10', '300', 0, 137, 143, NULL, '/images/products/9bf03864-fbda-4b82-807e.jpeg', '2021-05-12 02:32:02', NULL, 0, 0, 0, 0),
(131, 'Men Solid Cotton Blend Straight Kurta ', 'PARALLEL TIMES ', 'PARALLEL TIMES ', '395', 1, 'A395', 999, 0, 0, 1, 'Best Product For Winter Wear.', 1, '10', '300', 0, 137, 144, 181, '/images/products/d378f07b-7683-49e9-98c7.jpeg', '2021-05-12 02:34:17', NULL, 0, 0, 0, 0),
(132, 'Men Striped Cotton Blend Straight Kurta ', 'Dolphin Miles ', 'PARALLEL TIMES ', '396', 1, 'A396', 1099, 0, 0, 1, 'Best Product For Winter Wear.', 1, '10', '300', 0, 137, 144, 181, '/images/products/cc7b02fd-710d-4458-826d.jpeg', '2021-05-12 02:35:15', NULL, 0, 0, 0, 0),
(133, 'Men Self Design Pure Cotton Straight Kurta', 'PETER ENGLAND ', 'PARALLEL TIMES ', '397', 1, 'A397', 659, 0, 0, 1, 'Best Product For Traditional Occassion.', 1, '10', '300', 0, 137, 144, 181, '/images/products/4da1bab2-4957-40e5-9e6a.jpeg', '2021-05-12 02:37:05', NULL, 0, 0, 0, 0),
(134, 'VASTRAMAY Men Dhoti', 'PETER ENGLAND ', 'PARALLEL TIMES ', '398', 1, 'A398', 1099, 0, 0, 1, 'Best Product For Traditional Occassion.', 1, '10', '300', 0, 137, 144, 181, '/images/products/04d55412-0599-40be-a5cb.jpeg', '2021-05-12 02:38:29', NULL, 0, 0, 0, 0),
(135, 'Ethnic Dhoti Pant for festival', 'Festive', 'PARALLEL TIMES ', '399', 1, 'A399', 599, 0, 0, 1, 'Best Product For Traditional Occasion.', 1, '10', '300', 0, 137, 144, 181, '/images/products/d208c29c-a80a-4b14-9e0d.jpeg', '2021-05-12 02:39:52', NULL, 0, 0, 0, 0),
(136, 'Honey Fashion Solid Men Dhoti', 'Festive', 'PARALLEL TIMES ', '400', 1, 'A400', 1099, 0, 0, 1, 'Best Product For Traditional Occasion.', 1, '10', '300', 0, 137, 144, 181, '/images/products/2bd346a9-1516-4990-9048.jpeg', '2021-05-12 02:40:43', NULL, 0, 0, 0, 0),
(137, 'demo', 'demo', 'prnv', '1', 1, '009', 800, 20, 1, 1, 'bjhjhhhhjjhjh', 1, 'larde', '200', 0, 137, 141, 178, '/images/products/d18b62ca-a6f3-4562-b3e9.png', '2021-06-10 13:48:39', NULL, 0, 0, 0, 0);

-- --------------------------------------------------------

--
-- Table structure for table `quantitywithsize`
--

CREATE TABLE `quantitywithsize` (
  `id` int(11) NOT NULL,
  `productid` varchar(45) DEFAULT NULL,
  `quantity` varchar(45) DEFAULT NULL,
  `size` varchar(45) DEFAULT NULL,
  `color` varchar(50) NOT NULL,
  `soldquantity` varchar(45) DEFAULT NULL,
  `stockdate` date DEFAULT NULL
) ENGINE=InnoDB DEFAULT CHARSET=utf8;

--
-- Dumping data for table `quantitywithsize`
--

INSERT INTO `quantitywithsize` (`id`, `productid`, `quantity`, `size`, `color`, `soldquantity`, `stockdate`) VALUES
(1, '17', '500', 'S', '', NULL, '2021-05-11'),
(2, '17', '100', 'XL', '', NULL, '2021-05-11'),
(3, '18', '500', 'S', '', NULL, '2021-05-11'),
(4, '18', '100', 'XL', '', NULL, '2021-05-11'),
(5, '19', '45', 'S', '', NULL, '2021-05-11'),
(6, '20', '50', 'XS', '', NULL, '2021-05-11'),
(7, '21', '50', 'XS', '', NULL, '2021-05-11'),
(8, '22', '500', 'XS', '', NULL, '2021-05-11'),
(9, '23', '20', 'XS', '', NULL, '2021-05-11'),
(10, '24', '500', 'XS', '', NULL, '2021-05-11'),
(11, '25', '1', 'XS', '', NULL, '2021-05-11'),
(12, '26', '1', 'XS', '', NULL, '2021-05-11'),
(13, '27', 'undefined', 'undefined', '', NULL, '2021-05-11'),
(14, '28', '85', 'S', '', NULL, '2021-05-11'),
(15, '29', '300', 'XS', '', NULL, '2021-05-11'),
(16, '30', '300', 'XS', '', NULL, '2021-05-11'),
(17, '31', '300', 'XS', '', NULL, '2021-05-11'),
(18, '32', 'undefined', 'undefined', '', NULL, '2021-05-11'),
(19, '33', '50', 'L', '', NULL, '2021-05-11'),
(21, '35', '50', 'L', '', NULL, '2021-05-11'),
(22, '36', 'undefined', 'undefined', '', NULL, '2021-05-11'),
(23, '28', '500', 'S', '', '0', '2021-05-11'),
(24, '29', '20', 'XS', '', '0', '2021-05-11'),
(25, '30', '20', ' XXL', '', '0', '2021-05-11'),
(26, '31', '50', '\r\nXXL', '', '0', '2021-05-11'),
(27, '32', '5', 'S', '', '0', '2021-05-11'),
(28, '32', '10', 'M', '', '0', '2021-05-11'),
(29, '32', '50', '\r\nXXL', '', '0', '2021-05-11'),
(30, '33', '50', ' XXL', '', '0', '2021-05-11'),
(31, '34', '10', ' XXL', '', '0', '2021-05-11'),
(32, '35', '100', '\r\nXXL', '', '0', '2021-05-11'),
(33, '36', '100', 'XS', '', '0', '2021-05-11'),
(34, '36', '100', 'S', '', '0', '2021-05-11'),
(35, '36', '100', 'M', '', '0', '2021-05-11'),
(36, '36', '100', 'L', '', '0', '2021-05-11'),
(37, '37', '100', 'XS', '', '0', '2021-05-11'),
(38, '37', '50', 'S', '', '0', '2021-05-11'),
(39, '37', '50', 'M', '', '0', '2021-05-11'),
(40, '37', '50', 'L', '', '0', '2021-05-11'),
(41, '37', '50', 'XL', '', '0', '2021-05-11'),
(42, '37', '20', ' XXL', '', '0', '2021-05-11'),
(43, '38', '100', 'XS', '', '0', '2021-05-11'),
(44, '38', '50', 'S', '', '0', '2021-05-11'),
(46, '38', '50', 'L', '', '0', '2021-05-11'),
(47, '38', '50', 'XL', '', '0', '2021-05-11'),
(49, '39', '100', 'XS', '', '0', '2021-05-11'),
(50, '39', '50', 'S', '', '0', '2021-05-11'),
(51, '39', '50', 'M', '', '0', '2021-05-11'),
(52, '39', '50', 'L', '', '0', '2021-05-11'),
(53, '39', '50', 'XL', '', '0', '2021-05-11'),
(54, '39', '20', ' XXL', '', '0', '2021-05-11'),
(55, '40', '100', 'XS', '', '0', '2021-05-11'),
(56, '40', '50', 'S', '', '0', '2021-05-11'),
(57, '40', '50', 'M', '', '0', '2021-05-11'),
(58, '40', '50', 'L', '', '0', '2021-05-11'),
(59, '40', '50', 'XL', '', '0', '2021-05-11'),
(60, '40', '20', ' XXL', '', '0', '2021-05-11'),
(61, '41', '20', 'XS', '', '0', '2021-05-11'),
(63, '43', '20', 'M', '', '0', '2021-05-11'),
(64, '44', '50', '\r\nXXL', '', '0', '2021-05-11'),
(68, '48', '500', 'S', '', '0', '2021-05-11'),
(69, '49', '320', 'L', '', '0', '2021-05-11'),
(71, '51', '20', 'XS', '', '0', '2021-05-11'),
(72, '51', '50', 'S', '', '0', '2021-05-11'),
(73, '51', '100', 'L', '', '0', '2021-05-11'),
(74, '51', '50', 'XL', '', '0', '2021-05-11'),
(75, '51', '50', ' XXL', '', '0', '2021-05-11'),
(76, '52', '20', 'XS', '', '0', '2021-05-11'),
(77, '52', '50', 'S', '', '0', '2021-05-11'),
(78, '52', '100', 'L', '', '0', '2021-05-11'),
(79, '52', '50', 'XL', '', '0', '2021-05-11'),
(80, '52', '50', ' XXL', '', '0', '2021-05-11'),
(81, '53', '20', 'XS', '', '0', '2021-05-11'),
(82, '53', '50', 'S', '', '0', '2021-05-11'),
(83, '53', '100', 'L', '', '0', '2021-05-11'),
(84, '53', '50', 'XL', '', '0', '2021-05-11'),
(85, '53', '50', ' XXL', '', '0', '2021-05-11'),
(86, '54', '20', 'XS', '', '0', '2021-05-11'),
(87, '54', '100', 'L', '', '0', '2021-05-11'),
(88, '54', '50', 'XL', '', '0', '2021-05-11'),
(89, '54', '50', ' XXL', '', '0', '2021-05-11'),
(90, '55', '20', 'XS', '', '0', '2021-05-11'),
(91, '55', '100', 'L', '', '0', '2021-05-11'),
(92, '55', '50', 'XL', '', '0', '2021-05-11'),
(93, '55', '50', ' XXL', '', '0', '2021-05-11'),
(94, '56', '20', 'XS', '', '0', '2021-05-11'),
(95, '56', '100', 'L', '', '0', '2021-05-11'),
(96, '56', '50', 'XL', '', '0', '2021-05-11'),
(97, '56', '50', ' XXL', '', '0', '2021-05-11'),
(98, '57', '20', 'XS', '', '0', '2021-05-11'),
(99, '57', '100', 'L', '', '0', '2021-05-11'),
(100, '57', '50', 'XL', '', '0', '2021-05-11'),
(101, '57', '50', ' XXL', '', '0', '2021-05-11'),
(102, '58', '20', 'XS', '', '0', '2021-05-11'),
(103, '58', '100', 'L', '', '0', '2021-05-11'),
(104, '58', '50', 'XL', '', '0', '2021-05-11'),
(105, '58', '50', ' XXL', '', '0', '2021-05-11'),
(106, '59', '20', 'XS', '', '0', '2021-05-11'),
(107, '59', '100', 'L', '', '0', '2021-05-11'),
(108, '59', '50', 'XL', '', '0', '2021-05-11'),
(109, '59', '50', ' XXL', '', '0', '2021-05-11'),
(110, '60', '20', 'XS', '', '0', '2021-05-11'),
(111, '60', '500', 'L', '', '0', '2021-05-11'),
(112, '60', '50', 'XL', '', '0', '2021-05-11'),
(114, '61', '20', 'XS', '', '0', '2021-05-11'),
(115, '61', '500', 'L', '', '0', '2021-05-11'),
(116, '61', '50', 'XL', '', '0', '2021-05-11'),
(117, '61', '50', ' XXL', '', '0', '2021-05-11'),
(118, '62', '20', 'XS', '', '0', '2021-05-11'),
(119, '62', '500', 'L', '', '0', '2021-05-11'),
(120, '62', '50', 'XL', '', '0', '2021-05-11'),
(121, '62', '50', ' XXL', '', '0', '2021-05-11'),
(122, '63', '150', 'XS', '', '0', '2021-05-11'),
(123, '63', '200', 'M', '', '0', '2021-05-11'),
(124, '63', '400', 'L', '', '0', '2021-05-11'),
(125, '64', '150', 'XS', '', '0', '2021-05-11'),
(126, '64', '200', 'M', '', '0', '2021-05-11'),
(127, '64', '400', 'L', '', '0', '2021-05-11'),
(128, '67', '150', 'XS', '', '0', '2021-05-11'),
(129, '67', '150', 'XS', '', '0', '2021-05-11'),
(130, '67', '150', 'XS', '', '0', '2021-05-11'),
(131, '68', '150', 'XS', '', '0', '2021-05-11'),
(132, '69', '150', 'XS', '', '0', '2021-05-11'),
(133, '70', 'undefined', 'undefined', '', 'undefined', '2021-05-11'),
(134, '71', 'undefined', 'undefined', '', 'undefined', '2021-05-11'),
(135, '72', 'undefined', 'undefined', '', 'undefined', '2021-05-11'),
(137, '74', 'undefined', 'undefined', '', 'undefined', '2021-05-11'),
(138, '75', 'undefined', 'undefined', '', 'undefined', '2021-05-11'),
(139, '76', 'undefined', 'undefined', '', 'undefined', '2021-05-11'),
(140, '77', 'undefined', 'undefined', '', 'undefined', '2021-05-11'),
(141, '78', 'undefined', 'undefined', '', 'undefined', '2021-05-11'),
(142, '79', 'undefined', 'undefined', '', 'undefined', '2021-05-11'),
(143, '80', 'undefined', 'undefined', '', 'undefined', '2021-05-11'),
(144, '81', 'undefined', 'undefined', '', 'undefined', '2021-05-11'),
(145, '82', 'undefined', 'undefined', '', 'undefined', '2021-05-11'),
(146, '83', 'undefined', 'undefined', '', 'undefined', '2021-05-11'),
(147, '84', 'undefined', 'undefined', '', 'undefined', '2021-05-11'),
(148, '85', 'undefined', 'undefined', '', 'undefined', '2021-05-11'),
(149, '86', 'undefined', 'undefined', '', 'undefined', '2021-05-11'),
(150, '87', 'undefined', 'undefined', '', 'undefined', '2021-05-11'),
(151, '88', 'undefined', 'undefined', '', 'undefined', '2021-05-11'),
(152, '89', 'undefined', 'undefined', '', 'undefined', '2021-05-11'),
(153, '90', 'undefined', 'undefined', '', 'undefined', '2021-05-11'),
(154, '91', 'undefined', 'undefined', '', 'undefined', '2021-05-11'),
(155, '92', 'undefined', 'undefined', '', 'undefined', '2021-05-11'),
(156, '93', 'undefined', 'undefined', '', 'undefined', '2021-05-11'),
(157, '94', 'undefined', 'undefined', '', 'undefined', '2021-05-11'),
(158, '95', 'undefined', 'undefined', '', 'undefined', '2021-05-11'),
(159, '96', 'undefined', 'undefined', '', 'undefined', '2021-05-11'),
(160, '97', 'undefined', 'undefined', '', 'undefined', '2021-05-11'),
(161, '98', 'undefined', 'undefined', '', 'undefined', '2021-05-11'),
(162, '99', 'undefined', 'undefined', '', 'undefined', '2021-05-11'),
(163, '100', 'undefined', 'undefined', '', 'undefined', '2021-05-11'),
(164, '101', 'undefined', 'undefined', '', 'undefined', '2021-05-12'),
(165, '102', 'undefined', 'undefined', '', 'undefined', '2021-05-12'),
(166, '103', 'undefined', 'undefined', '', 'undefined', '2021-05-12'),
(167, '104', 'undefined', 'undefined', '', 'undefined', '2021-05-12'),
(168, '105', 'undefined', 'undefined', '', 'undefined', '2021-05-12'),
(169, '106', 'undefined', 'undefined', '', 'undefined', '2021-05-12'),
(170, '107', 'undefined', 'undefined', '', 'undefined', '2021-05-12'),
(171, '108', 'undefined', 'undefined', '', 'undefined', '2021-05-12'),
(172, '109', 'undefined', 'undefined', '', 'undefined', '2021-05-12'),
(173, '110', 'undefined', 'undefined', '', 'undefined', '2021-05-12'),
(174, '111', 'undefined', 'undefined', '', 'undefined', '2021-05-12'),
(175, '112', 'undefined', 'undefined', '', 'undefined', '2021-05-12'),
(176, '113', 'undefined', 'undefined', '', 'undefined', '2021-05-12'),
(177, '114', 'undefined', 'undefined', '', 'undefined', '2021-05-12'),
(178, '115', 'undefined', 'undefined', '', 'undefined', '2021-05-12'),
(179, '116', 'undefined', 'undefined', '', 'undefined', '2021-05-12'),
(180, '117', 'undefined', 'undefined', '', 'undefined', '2021-05-12'),
(181, '118', 'undefined', 'undefined', '', 'undefined', '2021-05-12'),
(182, '119', 'undefined', 'undefined', '', 'undefined', '2021-05-12'),
(183, '120', 'undefined', 'undefined', '', 'undefined', '2021-05-12'),
(184, '121', 'undefined', 'undefined', '', 'undefined', '2021-05-12'),
(185, '122', 'undefined', 'undefined', '', 'undefined', '2021-05-12'),
(186, '123', 'undefined', 'undefined', '', 'undefined', '2021-05-12'),
(187, '124', 'undefined', 'undefined', '', 'undefined', '2021-05-12'),
(188, '125', 'undefined', 'undefined', '', 'undefined', '2021-05-12'),
(189, '126', 'undefined', 'undefined', '', 'undefined', '2021-05-12'),
(190, '127', 'undefined', 'undefined', '', 'undefined', '2021-05-12'),
(191, '128', '100', 'S', '', '0', '2021-05-12'),
(192, '129', '100', 'S', '', '0', '2021-05-12'),
(193, '129', '50', 'L', '', '0', '2021-05-12'),
(194, '130', '100', 'S', '', '0', '2021-05-12'),
(195, '130', '50', 'L', '', '0', '2021-05-12'),
(196, '131', '100', 'S', '', '0', '2021-05-12'),
(197, '131', '50', 'L', '', '0', '2021-05-12'),
(198, '132', '100', 'S', '', '0', '2021-05-12'),
(199, '132', '50', 'L', '', '0', '2021-05-12'),
(200, '133', '100', 'S', '', '0', '2021-05-12'),
(201, '133', '50', 'L', '', '0', '2021-05-12'),
(202, '134', '100', 'S', '', '0', '2021-05-12'),
(203, '134', '50', 'L', '', '0', '2021-05-12'),
(204, '135', '100', 'S', '', '0', '2021-05-12'),
(205, '135', '50', 'L', '', '0', '2021-05-12'),
(206, '136', '100', 'S', '', '0', '2021-05-12'),
(207, '136', '50', 'L', '', '0', '2021-05-12'),
(208, '137', 'undefined', 'undefined', '', 'undefined', '2021-05-16'),
(209, '138', 'undefined', 'undefined', '', 'undefined', '2021-05-16'),
(210, '137', '20', 'L', 'undefined', '0', '2021-06-10'),
(211, '137', '20', 'M', '#ffffff', '0', '2021-06-10');

-- --------------------------------------------------------

--
-- Table structure for table `ratings`
--

CREATE TABLE `ratings` (
  `id` int(11) NOT NULL,
  `username` varchar(45) DEFAULT NULL,
  `userid` varchar(45) DEFAULT NULL,
  `rating` varchar(45) DEFAULT NULL,
  `comment` varchar(500) DEFAULT NULL,
  `createddate` datetime DEFAULT NULL,
  `updateddate` datetime DEFAULT NULL
) ENGINE=InnoDB DEFAULT CHARSET=utf8;

--
-- Dumping data for table `ratings`
--

INSERT INTO `ratings` (`id`, `username`, `userid`, `rating`, `comment`, `createddate`, `updateddate`) VALUES
(1, 'Shubham', 'ptlshubham1', '2', 'Good ', NULL, '2021-04-09 18:45:38'),
(5, 'Maitri', 'Mpatel', '5', 'Excellent', NULL, '2021-04-02 14:40:49');

-- --------------------------------------------------------

--
-- Table structure for table `shoessize`
--

CREATE TABLE `shoessize` (
  `id` int(11) NOT NULL,
  `size` varchar(45) DEFAULT NULL
) ENGINE=InnoDB DEFAULT CHARSET=utf8;

-- --------------------------------------------------------

--
-- Table structure for table `state`
--

CREATE TABLE `state` (
  `id` int(11) UNSIGNED NOT NULL,
  `name` varchar(50) NOT NULL
) ENGINE=MyISAM DEFAULT CHARSET=latin1;

--
-- Dumping data for table `state`
--

INSERT INTO `state` (`id`, `name`) VALUES
(1, 'ANDAMAN AND NICOBAR ISLANDS'),
(2, 'ANDHRA PRADESH'),
(3, 'ARUNACHAL PRADESH'),
(4, 'ASSAM'),
(5, 'BIHAR'),
(6, 'CHATTISGARH'),
(7, 'CHANDIGARH'),
(8, 'DAMAN AND DIU'),
(9, 'DELHI'),
(10, 'DADRA AND NAGAR HAVELI'),
(11, 'GOA'),
(12, 'GUJARAT'),
(13, 'HIMACHAL PRADESH'),
(14, 'HARYANA'),
(15, 'JAMMU AND KASHMIR'),
(16, 'JHARKHAND'),
(17, 'KERALA'),
(18, 'KARNATAKA'),
(19, 'LAKSHADWEEP'),
(20, 'MEGHALAYA'),
(21, 'MAHARASHTRA'),
(22, 'MANIPUR'),
(23, 'MADHYA PRADESH'),
(24, 'MIZORAM'),
(25, 'NAGALAND'),
(26, 'ORISSA'),
(27, 'PUNJAB'),
(28, 'PONDICHERRY'),
(29, 'RAJASTHAN'),
(30, 'SIKKIM'),
(31, 'TAMIL NADU'),
(32, 'TRIPURA'),
(33, 'UTTARAKHAND'),
(34, 'UTTAR PRADESH'),
(35, 'WEST BENGAL'),
(36, 'TELANGANA');

-- --------------------------------------------------------

--
-- Table structure for table `transaction`
--

CREATE TABLE `transaction` (
  `id` int(11) NOT NULL,
  `userid` int(11) DEFAULT NULL,
  `orderid` int(11) DEFAULT NULL,
  `status` varchar(45) DEFAULT NULL,
  `modeofpayment` varchar(45) DEFAULT NULL,
  `createddate` date DEFAULT NULL
) ENGINE=InnoDB DEFAULT CHARSET=utf8;

-- --------------------------------------------------------

--
-- Table structure for table `user`
--

CREATE TABLE `user` (
  `id` int(11) NOT NULL,
  `firstname` varchar(45) DEFAULT NULL,
  `middlename` varchar(45) DEFAULT NULL,
  `lastname` varchar(45) DEFAULT NULL,
  `email` varchar(45) DEFAULT NULL,
  `password` varchar(300) DEFAULT NULL,
  `dateofbirth` date DEFAULT NULL,
  `contactnumber` bigint(10) DEFAULT NULL,
  `isactive` tinyint(4) DEFAULT NULL,
  `createddate` datetime DEFAULT NULL,
  `updateddate` datetime DEFAULT NULL
) ENGINE=InnoDB DEFAULT CHARSET=utf8;

--
-- Dumping data for table `user`
--

INSERT INTO `user` (`id`, `firstname`, `middlename`, `lastname`, `email`, `password`, `dateofbirth`, `contactnumber`, `isactive`, `createddate`, `updateddate`) VALUES
(1, 'Shubham', NULL, 'Patel', 'ptlshubham@gmail.com', '22b596cc89584ab9a7a82ebf015ab43b763dc7b6', NULL, 8141952604, 1, '2022-08-08 14:51:44', NULL),
(2, 'Afriwell', NULL, 'Demo', 'afriwelldemo@gmail.com', '22b596cc89584ab9a7a82ebf015ab43b763dc7b6', NULL, 7016441159, 1, '2022-08-16 12:11:09', NULL);

-- --------------------------------------------------------

--
-- Table structure for table `useraddress`
--

CREATE TABLE `useraddress` (
  `id` int(11) NOT NULL,
  `userid` int(11) DEFAULT NULL,
  `name` varchar(45) DEFAULT NULL,
  `contactnumber` bigint(10) DEFAULT NULL,
  `pincode` bigint(10) DEFAULT NULL,
  `locality` varchar(45) DEFAULT NULL,
  `address` varchar(100) DEFAULT NULL,
  `city` varchar(45) DEFAULT NULL,
  `state` varchar(45) DEFAULT NULL,
  `landmark` varchar(45) DEFAULT NULL,
  `alternativeno` varchar(45) DEFAULT NULL,
  `createddate` date DEFAULT NULL,
  `updateddate` date DEFAULT NULL
) ENGINE=InnoDB DEFAULT CHARSET=utf8;

--
-- Dumping data for table `useraddress`
--

INSERT INTO `useraddress` (`id`, `userid`, `name`, `contactnumber`, `pincode`, `locality`, `address`, `city`, `state`, `landmark`, `alternativeno`, `createddate`, `updateddate`) VALUES
(1, 1, 'Shubham Patel', 8141952604, 387620, 'Indian', 'dhgf', 'Kapadwanj', 'PONDICHERRY', 'Goa', '7016441159', '2021-04-29', NULL),
(2, 1, 'Kunj Patel', 8141952604, 387620, 'Indian', 'MotaPatelVada', 'Kapadwanj', 'BIHAR', 'Goa', '7016441159', '2021-04-29', NULL),
(3, 1, 'Pranav Goswami', 8141952604, 387620, 'Indian', 'MotaPatelVada', 'Kapadwanj', 'BIHAR', 'Goa', '7016441159', '2021-04-29', NULL),
(4, 1, 'Maitri Shah ', 111584487, 387620, 'Indian', 'MotaPatelVada ', 'Anand', 'ARUNACHAL PRADESH', 'Goa', '7016441159', '2021-04-29', '2021-05-01'),
(7, 9, 'Shah Parin', 8000114108, 390023, 'Indian', 'Vadoadara', 'Vadodara', 'GUJARAT', 'Home', '8013014132', '2021-04-30', NULL),
(12, 1, 'Shubham Patel', 8141952604, 380001, 'undefined', 'Vaibhav Commercial Complex', 'Anand', 'Gujarat', 'undefined', '7016441159', '2022-08-17', NULL);

-- --------------------------------------------------------

--
-- Table structure for table `webbanners`
--

CREATE TABLE `webbanners` (
  `id` int(11) NOT NULL,
  `name` varchar(45) DEFAULT NULL,
  `bannersimage` varchar(45) DEFAULT NULL,
  `status` tinyint(4) DEFAULT NULL
) ENGINE=InnoDB DEFAULT CHARSET=utf8mb4;

--
-- Dumping data for table `webbanners`
--

INSERT INTO `webbanners` (`id`, `name`, `bannersimage`, `status`) VALUES
(5, 'Top', '/images/banners/bd1a7462-68fb-411b-94a3.jpg', 0),
(6, 'Top', '/images/banners/1298b1a5-40f9-4450-8ae1.jpg', 1),
(7, 'Top', '/images/banners/0d7f36b9-0259-4c28-ad94.jpg', 0),
(8, 'Top', '/images/banners/1ce95ee3-96b0-4016-b305.jpg', 1);

-- --------------------------------------------------------

--
-- Table structure for table `wishlist`
--

CREATE TABLE `wishlist` (
  `id` int(11) NOT NULL,
  `userid` int(11) DEFAULT NULL,
  `productid` int(11) DEFAULT NULL
) ENGINE=InnoDB DEFAULT CHARSET=utf8;

--
-- Indexes for dumped tables
--

--
-- Indexes for table `admin`
--
ALTER TABLE `admin`
  ADD PRIMARY KEY (`id`);

--
-- Indexes for table `banklist`
--
ALTER TABLE `banklist`
  ADD PRIMARY KEY (`id`);

--
-- Indexes for table `cartlist`
--
ALTER TABLE `cartlist`
  ADD PRIMARY KEY (`id`);

--
-- Indexes for table `category`
--
ALTER TABLE `category`
  ADD PRIMARY KEY (`id`);

--
-- Indexes for table `clothsize`
--
ALTER TABLE `clothsize`
  ADD PRIMARY KEY (`id`);

--
-- Indexes for table `emi`
--
ALTER TABLE `emi`
  ADD PRIMARY KEY (`id`);

--
-- Indexes for table `images`
--
ALTER TABLE `images`
  ADD PRIMARY KEY (`id`);

--
-- Indexes for table `mobilebanners`
--
ALTER TABLE `mobilebanners`
  ADD PRIMARY KEY (`id`);

--
-- Indexes for table `orders`
--
ALTER TABLE `orders`
  ADD PRIMARY KEY (`id`);

--
-- Indexes for table `product`
--
ALTER TABLE `product`
  ADD PRIMARY KEY (`id`);

--
-- Indexes for table `quantitywithsize`
--
ALTER TABLE `quantitywithsize`
  ADD PRIMARY KEY (`id`);

--
-- Indexes for table `ratings`
--
ALTER TABLE `ratings`
  ADD PRIMARY KEY (`id`);

--
-- Indexes for table `shoessize`
--
ALTER TABLE `shoessize`
  ADD PRIMARY KEY (`id`);

--
-- Indexes for table `state`
--
ALTER TABLE `state`
  ADD PRIMARY KEY (`id`);

--
-- Indexes for table `transaction`
--
ALTER TABLE `transaction`
  ADD PRIMARY KEY (`id`);

--
-- Indexes for table `user`
--
ALTER TABLE `user`
  ADD PRIMARY KEY (`id`);

--
-- Indexes for table `useraddress`
--
ALTER TABLE `useraddress`
  ADD PRIMARY KEY (`id`);

--
-- Indexes for table `webbanners`
--
ALTER TABLE `webbanners`
  ADD PRIMARY KEY (`id`);

--
-- Indexes for table `wishlist`
--
ALTER TABLE `wishlist`
  ADD PRIMARY KEY (`id`);

--
-- AUTO_INCREMENT for dumped tables
--

--
-- AUTO_INCREMENT for table `admin`
--
ALTER TABLE `admin`
  MODIFY `id` int(11) NOT NULL AUTO_INCREMENT, AUTO_INCREMENT=16;

--
-- AUTO_INCREMENT for table `banklist`
--
ALTER TABLE `banklist`
  MODIFY `id` int(11) NOT NULL AUTO_INCREMENT, AUTO_INCREMENT=18;

--
-- AUTO_INCREMENT for table `cartlist`
--
ALTER TABLE `cartlist`
  MODIFY `id` int(11) NOT NULL AUTO_INCREMENT, AUTO_INCREMENT=314;

--
-- AUTO_INCREMENT for table `category`
--
ALTER TABLE `category`
  MODIFY `id` int(11) NOT NULL AUTO_INCREMENT, AUTO_INCREMENT=199;

--
-- AUTO_INCREMENT for table `clothsize`
--
ALTER TABLE `clothsize`
  MODIFY `id` int(11) NOT NULL AUTO_INCREMENT, AUTO_INCREMENT=20;

--
-- AUTO_INCREMENT for table `emi`
--
ALTER TABLE `emi`
  MODIFY `id` int(11) NOT NULL AUTO_INCREMENT, AUTO_INCREMENT=8;

--
-- AUTO_INCREMENT for table `images`
--
ALTER TABLE `images`
  MODIFY `id` int(11) NOT NULL AUTO_INCREMENT, AUTO_INCREMENT=2175;

--
-- AUTO_INCREMENT for table `mobilebanners`
--
ALTER TABLE `mobilebanners`
  MODIFY `id` int(11) NOT NULL AUTO_INCREMENT;

--
-- AUTO_INCREMENT for table `orders`
--
ALTER TABLE `orders`
  MODIFY `id` int(11) NOT NULL AUTO_INCREMENT, AUTO_INCREMENT=4;

--
-- AUTO_INCREMENT for table `product`
--
ALTER TABLE `product`
  MODIFY `id` int(11) NOT NULL AUTO_INCREMENT, AUTO_INCREMENT=138;

--
-- AUTO_INCREMENT for table `quantitywithsize`
--
ALTER TABLE `quantitywithsize`
  MODIFY `id` int(11) NOT NULL AUTO_INCREMENT, AUTO_INCREMENT=212;

--
-- AUTO_INCREMENT for table `ratings`
--
ALTER TABLE `ratings`
  MODIFY `id` int(11) NOT NULL AUTO_INCREMENT, AUTO_INCREMENT=7;

--
-- AUTO_INCREMENT for table `shoessize`
--
ALTER TABLE `shoessize`
  MODIFY `id` int(11) NOT NULL AUTO_INCREMENT;

--
-- AUTO_INCREMENT for table `state`
--
ALTER TABLE `state`
  MODIFY `id` int(11) UNSIGNED NOT NULL AUTO_INCREMENT, AUTO_INCREMENT=37;

--
-- AUTO_INCREMENT for table `transaction`
--
ALTER TABLE `transaction`
  MODIFY `id` int(11) NOT NULL AUTO_INCREMENT;

--
-- AUTO_INCREMENT for table `user`
--
ALTER TABLE `user`
  MODIFY `id` int(11) NOT NULL AUTO_INCREMENT, AUTO_INCREMENT=3;

--
-- AUTO_INCREMENT for table `useraddress`
--
ALTER TABLE `useraddress`
  MODIFY `id` int(11) NOT NULL AUTO_INCREMENT, AUTO_INCREMENT=13;

--
-- AUTO_INCREMENT for table `webbanners`
--
ALTER TABLE `webbanners`
  MODIFY `id` int(11) NOT NULL AUTO_INCREMENT, AUTO_INCREMENT=10;

--
-- AUTO_INCREMENT for table `wishlist`
--
ALTER TABLE `wishlist`
  MODIFY `id` int(11) NOT NULL AUTO_INCREMENT, AUTO_INCREMENT=46;
COMMIT;

/*!40101 SET CHARACTER_SET_CLIENT=@OLD_CHARACTER_SET_CLIENT */;
/*!40101 SET CHARACTER_SET_RESULTS=@OLD_CHARACTER_SET_RESULTS */;
/*!40101 SET COLLATION_CONNECTION=@OLD_COLLATION_CONNECTION */;
